Opportunity Name,Resource Role,Allocated Revenue|2025-04,Allocated Revenue|2025-05,Allocated Revenue|2025-06,Allocated Revenue|2025-07,Allocated Revenue|2025-08,Allocated Revenue|2025-09,Allocated Revenue|2025-10,Allocated Revenue|2025-11,Allocated Revenue|2025-12,Allocated Revenue|2026-01,Allocated Revenue|2026-02,Allocated Revenue|2026-03,Allocated Revenue|2026-04,Allocated Revenue|2026-05,Allocated Revenue|2026-06,Allocated Revenue|2026-07,Allocated Revenue|2026-08,Allocated Revenue|2026-09,Allocated Revenue|2026-10,Allocated Revenue|2026-11,Allocated Revenue|2026-12,Allocated Revenue|2027-01,Allocated Revenue|2027-02,Allocated Revenue|2027-03,Allocated Revenue|2027-04,Allocated Revenue|2027-05,Allocated Revenue|2027-06,Allocated Revenue|2027-07,Allocated Revenue|2027-08,Allocated Revenue|2027-09,Allocated Revenue|2027-10,Allocated Revenue|2027-11,Allocated Revenue|2027-12,Allocated Revenue|2028-01,Allocated Revenue|2028-02,Allocated Revenue|2028-03,Allocated Revenue|2028-04,Allocated Revenue|2028-05,Allocated Revenue|2028-06,Allocated Revenue|2028-07,Allocated Revenue|2028-08,Allocated Hours|2025-04,Allocated Hours|2025-05,Allocated Hours|2025-06,Allocated Hours|2025-07,Allocated Hours|2025-08,Allocated Hours|2025-09,Allocated Hours|2025-10,Allocated Hours|2025-11,Allocated Hours|2025-12,Allocated Hours|2026-01,Allocated Hours|2026-02,Allocated Hours|2026-03,Allocated Hours|2026-04,Allocated Hours|2026-05,Allocated Hours|2026-06,Allocated Hours|2026-07,Allocated Hours|2026-08,Allocated Hours|2026-09,Allocated Hours|2026-10,Allocated Hours|2026-11,Allocated Hours|2026-12,Allocated Hours|2027-01,Allocated Hours|2027-02,Allocated Hours|2027-03,Allocated Hours|2027-04,Allocated Hours|2027-05,Allocated Hours|2027-06,Allocated Hours|2027-07,Allocated Hours|2027-08,Allocated Hours|2027-09,Allocated Hours|2027-10,Allocated Hours|2027-11,Allocated Hours|2027-12,Allocated Hours|2028-01,Allocated Hours|2028-02,Allocated Hours|2028-03,Allocated Hours|2028-04,Allocated Hours|2028-05,Allocated Hours|2028-06,Allocated Hours|2028-07,Allocated Hours|2028-08
"BOURSORAMA - MART002,MART001,MART003,MART006,GA360000",Analytics - Director,0.0,0.0,0.0,0.0,0.0,0.0,0.0,0.0,421.89,2331.02,2119.1,2331.02,2331.02,2225.06,2331.02,2436.97,2225.06,2331.02,2331.02,2225.0699999999997,955.47,0.0,0.0,0.0,0.0,0.0,0.0,0.0,0.0,0.0,0.0,0.0,0.0,0.0,0.0,0.0,0.0,0.0,0.0,0.0,0.0,0.0,0.0,0.0,0.0,0.0,0.0,0.0,0.0,1.81,10.02,9.11,10.02,10.02,9.57,10.02,10.48,9.57,10.02,10.02,9.55,4.06,0.0,0.0,0.0,0.0,0.0,0.0,0.0,0.0,0.0,0.0,0.0,0.0,0.0,0.0,0.0,0.0,0.0,0.0,0.0,0.0
"BOURSORAMA - MART002,MART001,MART003,MART006,GA360000",Analytics - Manager,0.0,0.0,0.0,0.0,0.0,0.0,0.0,0.0,201.87,1275.91,1159.9099999999999,1275.91,1275.91,1217.91,1275.91,1333.91,1217.91,1275.91,1275.91,1217.94,552.1,0.0,0.0,0.0,0.0,0.0,0.0,0.0,0.0,0.0,0.0,0.0,0.0,0.0,0.0,0.0,0.0,0.0,0.0,0.0,0.0,0.0,0.0,0.0,0.0,0.0,0.0,0.0,0.0,1.84,11.65,10.6,11.65,11.65,11.120000000000001,11.65,12.18,11.120000000000001,11.65,11.65,11.11,5.05,0.0,0.0,0.0,0.0,0.0,0.0,0.0,0.0,0.0,0.0,0.0,0.0,0.0,0.0,0.0,0.0,0.0,0.0,0.0,0.0
"BOURSORAMA - MART002,MART001,MART003,MART006,GA360000",Analytics - Senior Manager,0.0,0.0,0.0,0.0,0.0,0.0,0.0,0.0,84.38,142.79,129.81,142.79,142.79,136.3,142.79,149.28,136.3,142.79,142.79,136.31,0.0,0.0,0.0,0.0,0.0,0.0,0.0,0.0,0.0,0.0,0.0,0.0,0.0,0.0,0.0,0.0,0.0,0.0,0.0,0.0,0.0,0.0,0.0,0.0,0.0,0.0,0.0,0.0,0.0,0.52,0.88,0.8,0.88,0.88,0.84,0.88,0.92,0.84,0.88,0.88,0.8,0.0,0.0,0.0,0.0,0.0,0.0,0.0,0.0,0.0,0.0,0.0,0.0,0.0,0.0,0.0,0.0,0.0,0.0,0.0,0.0,0.0
"BOURSORAMA - MART002,MART001,MART003,MART006,GA360000",CX - CRM - Senior Manager,0.0,0.0,0.0,0.0,0.0,0.0,0.0,0.0,192.3,525.34,477.57000000000005,525.34,525.34,501.45000000000005,525.34,549.2,501.45000000000005,525.34,525.34,501.39,118.13,0.0,0.0,0.0,0.0,0.0,0.0,0.0,0.0,0.0,0.0,0.0,0.0,0.0,0.0,0.0,0.0,0.0,0.0,0.0,0.0,0.0,0.0,0.0,0.0,0.0,0.0,0.0,0.0,1.1800000000000002,3.23,2.94,3.23,3.23,3.08,3.23,3.38,3.08,3.23,3.23,3.05,0.7,0.0,0.0,0.0,0.0,0.0,0.0,0.0,0.0,0.0,0.0,0.0,0.0,0.0,0.0,0.0,0.0,0.0,0.0,0.0,0.0
Coty Global - PENC000,AI Studios - Senior Manager,4757.93,4757.93,4541.66,4974.2,4541.66,4757.93,4974.2,4325.39,4974.2,4757.93,4325.39,4757.9,0.0,0.0,0.0,0.0,0.0,0.0,0.0,0.0,0.0,0.0,0.0,0.0,0.0,0.0,0.0,0.0,0.0,0.0,0.0,0.0,0.0,0.0,0.0,0.0,0.0,0.0,0.0,0.0,0.0,35.61,35.61,33.99,37.23,33.99,35.61,37.23,32.38,37.23,35.61,32.38,35.63,0.0,0.0,0.0,0.0,0.0,0.0,0.0,0.0,0.0,0.0,0.0,0.0,0.0,0.0,0.0,0.0,0.0,0.0,0.0,0.0,0.0,0.0,0.0,0.0,0.0,0.0,0.0,0.0,0.0
Coty Global - PENC000,Client Management - Director,2207.0,2207.0,2106.68,2307.32,2106.68,2207.0,2307.32,2006.37,2307.32,2207.0,2006.37,2207.01,0.0,0.0,0.0,0.0,0.0,0.0,0.0,0.0,0.0,0.0,0.0,0.0,0.0,0.0,0.0,0.0,0.0,0.0,0.0,0.0,0.0,0.0,0.0,0.0,0.0,0.0,0.0,0.0,0.0,11.38,11.38,10.86,11.9,10.86,11.38,11.9,10.34,11.9,11.38,10.34,11.38,0.0,0.0,0.0,0.0,0.0,0.0,0.0,0.0,0.0,0.0,0.0,0.0,0.0,0.0,0.0,0.0,0.0,0.0,0.0,0.0,0.0,0.0,0.0,0.0,0.0,0.0,0.0,0.0,0.0
ES GRUD - Planeta Fabrik Ventures SL - GA4 & Analytics Support '26,Analytics - Executive,0.0,0.0,0.0,0.0,0.0,0.0,0.0,0.0,0.0,0.0,0.0,858.04,858.04,819.04,858.04,897.04,819.04,858.04,858.04,819.04,897.04,819.04,780.03,0.0,0.0,0.0,0.0,0.0,0.0,0.0,0.0,0.0,0.0,0.0,0.0,0.0,0.0,0.0,0.0,0.0,0.0,0.0,0.0,0.0,0.0,0.0,0.0,0.0,0.0,0.0,0.0,0.0,12.69,12.69,12.12,12.69,13.27,12.12,12.69,12.69,12.12,13.27,12.12,11.53,0.0,0.0,0.0,0.0,0.0,0.0,0.0,0.0,0.0,0.0,0.0,0.0,0.0,0.0,0.0,0.0,0.0,0.0
ES GRUD - Planeta Fabrik Ventures SL - GA4 & Analytics Support '26,Analytics - Senior Manager,0.0,0.0,0.0,0.0,0.0,0.0,0.0,0.0,0.0,0.0,0.0,292.14,292.14,278.86,292.14,305.42,278.86,292.14,292.14,278.86,305.42,278.86,265.61,0.0,0.0,0.0,0.0,0.0,0.0,0.0,0.0,0.0,0.0,0.0,0.0,0.0,0.0,0.0,0.0,0.0,0.0,0.0,0.0,0.0,0.0,0.0,0.0,0.0,0.0,0.0,0.0,0.0,2.2,2.2,2.1,2.2,2.3,2.1,2.2,2.2,2.1,2.3,2.1,2.0,0.0,0.0,0.0,0.0,0.0,0.0,0.0,0.0,0.0,0.0,0.0,0.0,0.0,0.0,0.0,0.0,0.0,0.0
ES GRUD - Planeta Fabrik Ventures SL - GA4 & Analytics Support '26,Client Management - Director,0.0,0.0,0.0,0.0,0.0,0.0,0.0,0.0,0.0,0.0,0.0,140.96,140.96,134.56,140.96,147.37,134.56,140.96,140.96,134.56,147.37,134.56,128.16,0.0,0.0,0.0,0.0,0.0,0.0,0.0,0.0,0.0,0.0,0.0,0.0,0.0,0.0,0.0,0.0,0.0,0.0,0.0,0.0,0.0,0.0,0.0,0.0,0.0,0.0,0.0,0.0,0.0,1.02,1.02,0.97,1.02,1.06,0.97,1.02,1.02,0.97,1.06,0.97,0.9,0.0,0.0,0.0,0.0,0.0,0.0,0.0,0.0,0.0,0.0,0.0,0.0,0.0,0.0,0.0,0.0,0.0,0.0
ES GRUD - Planeta Fabrik Ventures SL - GA4 & Analytics Support '26,Project Management - Senior Manager,0.0,0.0,0.0,0.0,0.0,0.0,0.0,0.0,0.0,0.0,0.0,67.42,67.42,64.35,67.42,70.48,64.35,67.42,67.42,64.35,70.48,64.35,61.29,0.0,0.0,0.0,0.0,0.0,0.0,0.0,0.0,0.0,0.0,0.0,0.0,0.0,0.0,0.0,0.0,0.0,0.0,0.0,0.0,0.0,0.0,0.0,0.0,0.0,0.0,0.0,0.0,0.0,0.51,0.51,0.48,0.51,0.53,0.48,0.51,0.51,0.48,0.53,0.48,0.47,0.0,0.0,0.0,0.0,0.0,0.0,0.0,0.0,0.0,0.0,0.0,0.0,0.0,0.0,0.0,0.0,0.0,0.0
Eventbrite UK Ltd - MART024 - Main retainer CR02 - extension Q2-Q4,CX - Web Development - Director,0.0,0.0,0.0,0.0,0.0,0.0,0.0,0.0,0.0,0.0,0.0,0.0,4709.67,4495.59,4709.74,0.0,0.0,0.0,0.0,0.0,0.0,0.0,0.0,0.0,0.0,0.0,0.0,0.0,0.0,0.0,0.0,0.0,0.0,0.0,0.0,0.0,0.0,0.0,0.0,0.0,0.0,0.0,0.0,0.0,0.0,0.0,0.0,0.0,0.0,0.0,0.0,0.0,0.0,18.59,17.75,18.66,0.0,0.0,0.0,0.0,0.0,0.0,0.0,0.0,0.0,0.0,0.0,0.0,0.0,0.0,0.0,0.0,0.0,0.0,0.0,0.0,0.0,0.0,0.0,0.0,0.0,0.0
Eventbrite UK Ltd - MART024 - Main retainer CR02 - extension Q2-Q4,CX - Web Development - Manager,0.0,0.0,0.0,0.0,0.0,0.0,0.0,0.0,0.0,0.0,0.0,0.0,1262.28,1204.92,1262.28,0.0,0.0,0.0,0.0,0.0,0.0,0.0,0.0,0.0,0.0,0.0,0.0,0.0,0.0,0.0,0.0,0.0,0.0,0.0,0.0,0.0,0.0,0.0,0.0,0.0,0.0,0.0,0.0,0.0,0.0,0.0,0.0,0.0,0.0,0.0,0.0,0.0,0.0,10.79,10.31,10.81,0.0,0.0,0.0,0.0,0.0,0.0,0.0,0.0,0.0,0.0,0.0,0.0,0.0,0.0,0.0,0.0,0.0,0.0,0.0,0.0,0.0,0.0,0.0,0.0,0.0,0.0
Eventbrite UK Ltd - MART024 - Main retainer CR02 - extension Q2-Q4,CX - Web Development - Senior Manager,0.0,0.0,0.0,0.0,0.0,0.0,0.0,0.0,0.0,0.0,0.0,0.0,2575.91,2458.81,2575.91,0.0,0.0,0.0,0.0,0.0,0.0,0.0,0.0,0.0,0.0,0.0,0.0,0.0,0.0,0.0,0.0,0.0,0.0,0.0,0.0,0.0,0.0,0.0,0.0,0.0,0.0,0.0,0.0,0.0,0.0,0.0,0.0,0.0,0.0,0.0,0.0,0.0,0.0,15.76,15.040000000000001,15.8,0.0,0.0,0.0,0.0,0.0,0.0,0.0,0.0,0.0,0.0,0.0,0.0,0.0,0.0,0.0,0.0,0.0,0.0,0.0,0.0,0.0,0.0,0.0,0.0,0.0,0.0
Eventbrite UK Ltd - MART024 - Main retainer CR02 - extension Q2-Q4,Client Management - Senior Director,0.0,0.0,0.0,0.0,0.0,0.0,0.0,0.0,0.0,0.0,0.0,0.0,248.52,237.22,248.51,0.0,0.0,0.0,0.0,0.0,0.0,0.0,0.0,0.0,0.0,0.0,0.0,0.0,0.0,0.0,0.0,0.0,0.0,0.0,0.0,0.0,0.0,0.0,0.0,0.0,0.0,0.0,0.0,0.0,0.0,0.0,0.0,0.0,0.0,0.0,0.0,0.0,0.0,1.02,0.97,1.01,0.0,0.0,0.0,0.0,0.0,0.0,0.0,0.0,0.0,0.0,0.0,0.0,0.0,0.0,0.0,0.0,0.0,0.0,0.0,0.0,0.0,0.0,0.0,0.0,0.0,0.0
Eventbrite UK Ltd - MART024 - Main retainer CR02 - extension Q2-Q4,Project Management - Senior Manager,0.0,0.0,0.0,0.0,0.0,0.0,0.0,0.0,0.0,0.0,0.0,0.0,1533.91,1464.18,1533.91,0.0,0.0,0.0,0.0,0.0,0.0,0.0,0.0,0.0,0.0,0.0,0.0,0.0,0.0,0.0,0.0,0.0,0.0,0.0,0.0,0.0,0.0,0.0,0.0,0.0,0.0,0.0,0.0,0.0,0.0,0.0,0.0,0.0,0.0,0.0,0.0,0.0,0.0,10.83,10.33,10.84,0.0,0.0,0.0,0.0,0.0,0.0,0.0,0.0,0.0,0.0,0.0,0.0,0.0,0.0,0.0,0.0,0.0,0.0,0.0,0.0,0.0,0.0,0.0,0.0,0.0,0.0
FR BRRI - Barrière - Renew TMA_2026-2027_OK,CX - CRM - Senior Manager,0.0,0.0,0.0,0.0,0.0,0.0,0.0,0.0,0.0,0.0,3410.48,5002.04,5002.04,4774.68,5002.04,5229.41,4774.68,5002.04,5002.04,4774.68,5229.41,4774.68,0.0,0.0,0.0,0.0,0.0,0.0,0.0,0.0,0.0,0.0,0.0,0.0,0.0,0.0,0.0,0.0,0.0,0.0,0.0,0.0,0.0,0.0,0.0,0.0,0.0,0.0,0.0,0.0,0.0,22.95,33.67,33.67,32.13,33.67,35.2,32.13,33.67,33.67,32.13,35.2,32.12,0.0,0.0,0.0,0.0,0.0,0.0,0.0,0.0,0.0,0.0,0.0,0.0,0.0,0.0,0.0,0.0,0.0,0.0,0.0
FR BRRI - Barrière - Renew TMA_2026-2027_OK,CX - CRM - VP +,0.0,0.0,0.0,0.0,0.0,0.0,0.0,0.0,0.0,0.0,2163.12,3172.57,3172.57,3028.36,3172.57,3316.78,3028.36,3172.57,3172.57,3028.36,3316.78,3028.37,0.0,0.0,0.0,0.0,0.0,0.0,0.0,0.0,0.0,0.0,0.0,0.0,0.0,0.0,0.0,0.0,0.0,0.0,0.0,0.0,0.0,0.0,0.0,0.0,0.0,0.0,0.0,0.0,0.0,10.59,15.53,15.53,14.82,15.53,16.24,14.82,15.53,15.53,14.82,16.24,14.82,0.0,0.0,0.0,0.0,0.0,0.0,0.0,0.0,0.0,0.0,0.0,0.0,0.0,0.0,0.0,0.0,0.0,0.0,0.0
FR BRRI - Barrière - Renew TMA_2026-2027_OK,Partnerships - Growth - Senior Manager,0.0,0.0,0.0,0.0,0.0,0.0,0.0,0.0,0.0,0.0,107.37,157.48,157.48,150.32,157.48,164.63,150.32,157.48,157.48,150.32,164.63,150.3,0.0,0.0,0.0,0.0,0.0,0.0,0.0,0.0,0.0,0.0,0.0,0.0,0.0,0.0,0.0,0.0,0.0,0.0,0.0,0.0,0.0,0.0,0.0,0.0,0.0,0.0,0.0,0.0,0.0,0.71,1.04,1.04,0.99,1.04,1.08,0.99,1.04,1.04,0.99,1.08,0.96,0.0,0.0,0.0,0.0,0.0,0.0,0.0,0.0,0.0,0.0,0.0,0.0,0.0,0.0,0.0,0.0,0.0,0.0,0.0
FR LUCE - Luceedx - Licence and set up Amz DSP,Partnerships - Growth - Senior Manager,0.0,0.0,0.0,0.0,0.0,0.0,0.0,0.0,0.0,0.0,0.0,81.12,148.71,141.95,148.71,155.47,141.95,148.71,148.71,141.95,155.47,141.95,135.21,0.0,0.0,0.0,0.0,0.0,0.0,0.0,0.0,0.0,0.0,0.0,0.0,0.0,0.0,0.0,0.0,0.0,0.0,0.0,0.0,0.0,0.0,0.0,0.0,0.0,0.0,0.0,0.0,0.0,0.53,0.98,0.93,0.98,1.02,0.93,0.98,0.98,0.93,1.02,0.93,0.9,0.0,0.0,0.0,0.0,0.0,0.0,0.0,0.0,0.0,0.0,0.0,0.0,0.0,0.0,0.0,0.0,0.0,0.0
FR YVES - YVES ROCHER FRANCE - Yves Rocher - Paid Media - Q3 et Q4,Client Management - Director,0.0,0.0,0.0,0.0,0.0,0.0,0.0,0.0,0.0,0.0,0.0,0.0,0.0,0.0,8922.4,9327.96,8516.84,8922.4,8922.4,8516.84,0.0,0.0,0.0,0.0,0.0,0.0,0.0,0.0,0.0,0.0,0.0,0.0,0.0,0.0,0.0,0.0,0.0,0.0,0.0,0.0,0.0,0.0,0.0,0.0,0.0,0.0,0.0,0.0,0.0,0.0,0.0,0.0,0.0,0.0,0.0,45.34,47.4,43.28,45.34,45.34,43.3,0.0,0.0,0.0,0.0,0.0,0.0,0.0,0.0,0.0,0.0,0.0,0.0,0.0,0.0,0.0,0.0,0.0,0.0,0.0,0.0,0.0
FR YVES - YVES ROCHER FRANCE - Yves Rocher - Paid Media - Q3 et Q4,Client Management - Senior Director,0.0,0.0,0.0,0.0,0.0,0.0,0.0,0.0,0.0,0.0,0.0,0.0,0.0,0.0,1265.07,1322.57,1207.57,1265.07,1265.07,1207.57,0.0,0.0,0.0,0.0,0.0,0.0,0.0,0.0,0.0,0.0,0.0,0.0,0.0,0.0,0.0,0.0,0.0,0.0,0.0,0.0,0.0,0.0,0.0,0.0,0.0,0.0,0.0,0.0,0.0,0.0,0.0,0.0,0.0,0.0,0.0,5.04,5.27,4.81,5.04,5.04,4.8,0.0,0.0,0.0,0.0,0.0,0.0,0.0,0.0,0.0,0.0,0.0,0.0,0.0,0.0,0.0,0.0,0.0,0.0,0.0,0.0,0.0
FR YVES - YVES ROCHER FRANCE - Yves Rocher - Paid Media - Q3 et Q4,Investment Analytics - Senior Manager,0.0,0.0,0.0,0.0,0.0,0.0,0.0,0.0,0.0,0.0,0.0,0.0,0.0,0.0,3953.35,4133.049999999999,3773.6400000000003,3953.35,3953.35,3773.6400000000003,0.0,0.0,0.0,0.0,0.0,0.0,0.0,0.0,0.0,0.0,0.0,0.0,0.0,0.0,0.0,0.0,0.0,0.0,0.0,0.0,0.0,0.0,0.0,0.0,0.0,0.0,0.0,0.0,0.0,0.0,0.0,0.0,0.0,0.0,0.0,21.84,22.82,20.84,21.84,21.84,20.82,0.0,0.0,0.0,0.0,0.0,0.0,0.0,0.0,0.0,0.0,0.0,0.0,0.0,0.0,0.0,0.0,0.0,0.0,0.0,0.0,0.0
FR YVES - YVES ROCHER FRANCE - Yves Rocher - Paid Media - Q3 et Q4,Media Strategy - Director,0.0,0.0,0.0,0.0,0.0,0.0,0.0,0.0,0.0,0.0,0.0,0.0,0.0,0.0,620.37,648.57,592.17,620.37,620.37,592.18,0.0,0.0,0.0,0.0,0.0,0.0,0.0,0.0,0.0,0.0,0.0,0.0,0.0,0.0,0.0,0.0,0.0,0.0,0.0,0.0,0.0,0.0,0.0,0.0,0.0,0.0,0.0,0.0,0.0,0.0,0.0,0.0,0.0,0.0,0.0,3.36,3.51,3.21,3.36,3.36,3.2,0.0,0.0,0.0,0.0,0.0,0.0,0.0,0.0,0.0,0.0,0.0,0.0,0.0,0.0,0.0,0.0,0.0,0.0,0.0,0.0,0.0
FR YVES - YVES ROCHER FRANCE - Yves Rocher - Paid Media - Q3 et Q4,Paid Social - Manager,0.0,0.0,0.0,0.0,0.0,0.0,0.0,0.0,0.0,0.0,0.0,0.0,0.0,0.0,5200.17,5436.54,4963.8,5200.17,5200.17,4963.81,0.0,0.0,0.0,0.0,0.0,0.0,0.0,0.0,0.0,0.0,0.0,0.0,0.0,0.0,0.0,0.0,0.0,0.0,0.0,0.0,0.0,0.0,0.0,0.0,0.0,0.0,0.0,0.0,0.0,0.0,0.0,0.0,0.0,0.0,0.0,45.34,47.4,43.28,45.34,45.34,43.3,0.0,0.0,0.0,0.0,0.0,0.0,0.0,0.0,0.0,0.0,0.0,0.0,0.0,0.0,0.0,0.0,0.0,0.0,0.0,0.0,0.0
FR YVES - YVES ROCHER FRANCE - Yves Rocher - Paid Media - Q3 et Q4,Paid Social - Senior Manager,0.0,0.0,0.0,0.0,0.0,0.0,0.0,0.0,0.0,0.0,0.0,0.0,0.0,0.0,4488.57,4692.6,4284.54,4488.57,4488.57,4284.54,0.0,0.0,0.0,0.0,0.0,0.0,0.0,0.0,0.0,0.0,0.0,0.0,0.0,0.0,0.0,0.0,0.0,0.0,0.0,0.0,0.0,0.0,0.0,0.0,0.0,0.0,0.0,0.0,0.0,0.0,0.0,0.0,0.0,0.0,0.0,30.23,31.6,28.85,30.23,30.23,28.86,0.0,0.0,0.0,0.0,0.0,0.0,0.0,0.0,0.0,0.0,0.0,0.0,0.0,0.0,0.0,0.0,0.0,0.0,0.0,0.0,0.0
FR YVES - YVES ROCHER FRANCE - Yves Rocher - Paid Media - Q3 et Q4,Programmatic - Director,0.0,0.0,0.0,0.0,0.0,0.0,0.0,0.0,0.0,0.0,0.0,0.0,0.0,0.0,3223.5,3370.02,3076.98,3223.5,3223.5,3076.97,0.0,0.0,0.0,0.0,0.0,0.0,0.0,0.0,0.0,0.0,0.0,0.0,0.0,0.0,0.0,0.0,0.0,0.0,0.0,0.0,0.0,0.0,0.0,0.0,0.0,0.0,0.0,0.0,0.0,0.0,0.0,0.0,0.0,0.0,0.0,16.79,17.56,16.03,16.79,16.79,16.04,0.0,0.0,0.0,0.0,0.0,0.0,0.0,0.0,0.0,0.0,0.0,0.0,0.0,0.0,0.0,0.0,0.0,0.0,0.0,0.0,0.0
FR YVES - YVES ROCHER FRANCE - Yves Rocher - Paid Media - Q3 et Q4,Programmatic - Manager,0.0,0.0,0.0,0.0,0.0,0.0,0.0,0.0,0.0,0.0,0.0,0.0,0.0,0.0,4549.39,4756.18,4342.6,4549.39,4549.39,4342.6,0.0,0.0,0.0,0.0,0.0,0.0,0.0,0.0,0.0,0.0,0.0,0.0,0.0,0.0,0.0,0.0,0.0,0.0,0.0,0.0,0.0,0.0,0.0,0.0,0.0,0.0,0.0,0.0,0.0,0.0,0.0,0.0,0.0,0.0,0.0,36.95,38.63,35.27,36.95,36.95,35.25,0.0,0.0,0.0,0.0,0.0,0.0,0.0,0.0,0.0,0.0,0.0,0.0,0.0,0.0,0.0,0.0,0.0,0.0,0.0,0.0,0.0
FR YVES - YVES ROCHER FRANCE - Yves Rocher - Paid Media - Q3 et Q4,Project Management - Senior Manager,0.0,0.0,0.0,0.0,0.0,0.0,0.0,0.0,0.0,0.0,0.0,0.0,0.0,0.0,894.06,934.7,853.43,894.06,894.06,853.44,0.0,0.0,0.0,0.0,0.0,0.0,0.0,0.0,0.0,0.0,0.0,0.0,0.0,0.0,0.0,0.0,0.0,0.0,0.0,0.0,0.0,0.0,0.0,0.0,0.0,0.0,0.0,0.0,0.0,0.0,0.0,0.0,0.0,0.0,0.0,5.88,6.15,5.61,5.88,5.88,5.6,0.0,0.0,0.0,0.0,0.0,0.0,0.0,0.0,0.0,0.0,0.0,0.0,0.0,0.0,0.0,0.0,0.0,0.0,0.0,0.0,0.0
FR YVES - YVES ROCHER FRANCE - Yves Rocher - reselling GMP 2026,Client Management - Director,0.0,0.0,0.0,0.0,0.0,0.0,0.0,0.0,0.0,0.0,0.0,499.5,499.5,476.8,499.5,522.21,476.8,499.5,499.5,476.8,522.21,476.8,454.08,0.0,0.0,0.0,0.0,0.0,0.0,0.0,0.0,0.0,0.0,0.0,0.0,0.0,0.0,0.0,0.0,0.0,0.0,0.0,0.0,0.0,0.0,0.0,0.0,0.0,0.0,0.0,0.0,0.0,2.54,2.54,2.42,2.54,2.65,2.42,2.54,2.54,2.42,2.65,2.42,2.32,0.0,0.0,0.0,0.0,0.0,0.0,0.0,0.0,0.0,0.0,0.0,0.0,0.0,0.0,0.0,0.0,0.0,0.0
FR YVES - YVES ROCHER FRANCE - Yves Rocher - reselling GMP 2026,Project Management - Senior Manager,0.0,0.0,0.0,0.0,0.0,0.0,0.0,0.0,0.0,0.0,0.0,907.38,907.38,866.13,907.38,948.62,866.13,907.38,907.38,866.13,948.62,866.13,824.89,0.0,0.0,0.0,0.0,0.0,0.0,0.0,0.0,0.0,0.0,0.0,0.0,0.0,0.0,0.0,0.0,0.0,0.0,0.0,0.0,0.0,0.0,0.0,0.0,0.0,0.0,0.0,0.0,0.0,5.97,5.97,5.69,5.97,6.24,5.69,5.97,5.97,5.69,6.24,5.69,5.41,0.0,0.0,0.0,0.0,0.0,0.0,0.0,0.0,0.0,0.0,0.0,0.0,0.0,0.0,0.0,0.0,0.0,0.0
FR YVES - YVES ROCHER FRANCE - yves rocher - SEA 2026,Analytics - Director,0.0,0.0,0.0,0.0,0.0,0.0,0.0,0.0,0.0,0.0,0.0,163.04,298.91,285.32,298.91,312.49,285.32,298.91,298.91,285.32,312.49,285.32,271.73,176.64,0.0,0.0,0.0,0.0,0.0,0.0,0.0,0.0,0.0,0.0,0.0,0.0,0.0,0.0,0.0,0.0,0.0,0.0,0.0,0.0,0.0,0.0,0.0,0.0,0.0,0.0,0.0,0.0,0.91,1.67,1.6,1.67,1.75,1.6,1.67,1.67,1.6,1.75,1.6,1.52,0.99,0.0,0.0,0.0,0.0,0.0,0.0,0.0,0.0,0.0,0.0,0.0,0.0,0.0,0.0,0.0,0.0,0.0
FR YVES - YVES ROCHER FRANCE - yves rocher - SEA 2026,Client Management - Senior Director,0.0,0.0,0.0,0.0,0.0,0.0,0.0,0.0,0.0,0.0,0.0,744.7,1365.28,1303.22,1365.28,1427.34,1303.22,1365.28,1365.28,1303.22,1427.34,1303.22,1241.17,806.78,0.0,0.0,0.0,0.0,0.0,0.0,0.0,0.0,0.0,0.0,0.0,0.0,0.0,0.0,0.0,0.0,0.0,0.0,0.0,0.0,0.0,0.0,0.0,0.0,0.0,0.0,0.0,0.0,2.97,5.44,5.19,5.44,5.68,5.19,5.44,5.44,5.19,5.68,5.19,4.94,3.21,0.0,0.0,0.0,0.0,0.0,0.0,0.0,0.0,0.0,0.0,0.0,0.0,0.0,0.0,0.0,0.0,0.0
FR YVES - YVES ROCHER FRANCE - yves rocher - SEA 2026,Client Management - Senior Manager,0.0,0.0,0.0,0.0,0.0,0.0,0.0,0.0,0.0,0.0,0.0,1278.99,2344.81,2238.23,2344.81,2451.4,2238.23,2344.81,2344.81,2238.23,2451.4,2238.23,2131.65,1385.57,0.0,0.0,0.0,0.0,0.0,0.0,0.0,0.0,0.0,0.0,0.0,0.0,0.0,0.0,0.0,0.0,0.0,0.0,0.0,0.0,0.0,0.0,0.0,0.0,0.0,0.0,0.0,0.0,8.21,15.06,14.37,15.06,15.74,14.37,15.06,15.06,14.37,15.74,14.37,13.69,8.9,0.0,0.0,0.0,0.0,0.0,0.0,0.0,0.0,0.0,0.0,0.0,0.0,0.0,0.0,0.0,0.0,0.0
FR YVES - YVES ROCHER FRANCE - yves rocher - SEA 2026,Client Management - VP +,0.0,0.0,0.0,0.0,0.0,0.0,0.0,0.0,0.0,0.0,0.0,599.29,1098.69,1048.75,1098.69,1148.63,1048.75,1098.69,1098.69,1048.75,1148.63,1048.75,998.81,649.21,0.0,0.0,0.0,0.0,0.0,0.0,0.0,0.0,0.0,0.0,0.0,0.0,0.0,0.0,0.0,0.0,0.0,0.0,0.0,0.0,0.0,0.0,0.0,0.0,0.0,0.0,0.0,0.0,1.55,2.84,2.71,2.84,2.97,2.71,2.84,2.84,2.71,2.97,2.71,2.59,1.72,0.0,0.0,0.0,0.0,0.0,0.0,0.0,0.0,0.0,0.0,0.0,0.0,0.0,0.0,0.0,0.0,0.0
FR YVES - YVES ROCHER FRANCE - yves rocher - SEA 2026,Design & Production - Director,0.0,0.0,0.0,0.0,0.0,0.0,0.0,0.0,0.0,0.0,0.0,454.42,833.1,795.24,833.1,870.97,795.24,833.1,833.1,795.24,870.97,795.24,757.37,492.3,0.0,0.0,0.0,0.0,0.0,0.0,0.0,0.0,0.0,0.0,0.0,0.0,0.0,0.0,0.0,0.0,0.0,0.0,0.0,0.0,0.0,0.0,0.0,0.0,0.0,0.0,0.0,0.0,2.28,4.18,3.99,4.18,4.37,3.99,4.18,4.18,3.99,4.37,3.99,3.8,2.5,0.0,0.0,0.0,0.0,0.0,0.0,0.0,0.0,0.0,0.0,0.0,0.0,0.0,0.0,0.0,0.0,0.0
FR YVES - YVES ROCHER FRANCE - yves rocher - SEA 2026,Investment Analytics - Senior Manager,0.0,0.0,0.0,0.0,0.0,0.0,0.0,0.0,0.0,0.0,0.0,834.48,1529.89,1460.3500000000001,1529.89,1599.4299999999998,1460.3500000000001,1529.89,1529.89,1460.3500000000001,1599.4299999999998,1460.3500000000001,1390.8,903.9699999999999,0.0,0.0,0.0,0.0,0.0,0.0,0.0,0.0,0.0,0.0,0.0,0.0,0.0,0.0,0.0,0.0,0.0,0.0,0.0,0.0,0.0,0.0,0.0,0.0,0.0,0.0,0.0,0.0,4.609999999999999,8.45,8.06,8.45,8.84,8.06,8.45,8.45,8.06,8.84,8.06,7.68,4.99,0.0,0.0,0.0,0.0,0.0,0.0,0.0,0.0,0.0,0.0,0.0,0.0,0.0,0.0,0.0,0.0,0.0
FR YVES - YVES ROCHER FRANCE - yves rocher - SEA 2026,JTS - Product - Director,0.0,0.0,0.0,0.0,0.0,0.0,0.0,0.0,0.0,0.0,0.0,528.78,969.43,925.37,969.43,1013.5,925.37,969.43,969.43,925.37,1013.5,925.37,881.3,572.83,0.0,0.0,0.0,0.0,0.0,0.0,0.0,0.0,0.0,0.0,0.0,0.0,0.0,0.0,0.0,0.0,0.0,0.0,0.0,0.0,0.0,0.0,0.0,0.0,0.0,0.0,0.0,0.0,2.28,4.18,3.99,4.18,4.37,3.99,4.18,4.18,3.99,4.37,3.99,3.8,2.5,0.0,0.0,0.0,0.0,0.0,0.0,0.0,0.0,0.0,0.0,0.0,0.0,0.0,0.0,0.0,0.0,0.0
FR YVES - YVES ROCHER FRANCE - yves rocher - SEA 2026,Media Strategy - VP +,0.0,0.0,0.0,0.0,0.0,0.0,0.0,0.0,0.0,0.0,0.0,799.78,1466.26,1399.62,1466.26,1532.91,1399.62,1466.26,1466.26,1399.62,1532.91,1399.62,1332.97,866.44,0.0,0.0,0.0,0.0,0.0,0.0,0.0,0.0,0.0,0.0,0.0,0.0,0.0,0.0,0.0,0.0,0.0,0.0,0.0,0.0,0.0,0.0,0.0,0.0,0.0,0.0,0.0,0.0,2.51,4.6,4.39,4.6,4.81,4.39,4.6,4.6,4.39,4.81,4.39,4.18,2.73,0.0,0.0,0.0,0.0,0.0,0.0,0.0,0.0,0.0,0.0,0.0,0.0,0.0,0.0,0.0,0.0,0.0
FR YVES - YVES ROCHER FRANCE - yves rocher - SEA 2026,Paid Search - Manager,0.0,0.0,0.0,0.0,0.0,0.0,0.0,0.0,0.0,0.0,0.0,1715.78,3145.6,3002.62,3145.6,3288.59,3002.62,3145.6,3145.6,3002.62,3288.59,3002.62,2859.64,1858.78,0.0,0.0,0.0,0.0,0.0,0.0,0.0,0.0,0.0,0.0,0.0,0.0,0.0,0.0,0.0,0.0,0.0,0.0,0.0,0.0,0.0,0.0,0.0,0.0,0.0,0.0,0.0,0.0,15.97,29.28,27.95,29.28,30.61,27.95,29.28,29.28,27.95,30.61,27.95,26.62,17.27,0.0,0.0,0.0,0.0,0.0,0.0,0.0,0.0,0.0,0.0,0.0,0.0,0.0,0.0,0.0,0.0,0.0
FR YVES - YVES ROCHER FRANCE - yves rocher - SEA 2026,Paid Search - Senior Director,0.0,0.0,0.0,0.0,0.0,0.0,0.0,0.0,0.0,0.0,0.0,1903.61,3489.95,3331.32,3489.95,3648.59,3331.32,3489.95,3489.95,3331.32,3648.59,3331.32,3172.69,2062.25,0.0,0.0,0.0,0.0,0.0,0.0,0.0,0.0,0.0,0.0,0.0,0.0,0.0,0.0,0.0,0.0,0.0,0.0,0.0,0.0,0.0,0.0,0.0,0.0,0.0,0.0,0.0,0.0,8.21,15.06,14.37,15.06,15.74,14.37,15.06,15.06,14.37,15.74,14.37,13.69,8.9,0.0,0.0,0.0,0.0,0.0,0.0,0.0,0.0,0.0,0.0,0.0,0.0,0.0,0.0,0.0,0.0,0.0
FR YVES - YVES ROCHER FRANCE - yves rocher - SEA 2026,Paid Search - Senior Manager,0.0,0.0,0.0,0.0,0.0,0.0,0.0,0.0,0.0,0.0,0.0,3386.4,6208.4,5926.2,6208.4,6490.6,5926.2,6208.4,6208.4,5926.2,6490.6,5926.2,5644.0,3668.61,0.0,0.0,0.0,0.0,0.0,0.0,0.0,0.0,0.0,0.0,0.0,0.0,0.0,0.0,0.0,0.0,0.0,0.0,0.0,0.0,0.0,0.0,0.0,0.0,0.0,0.0,0.0,0.0,24.18,44.33,42.32,44.33,46.35,42.32,44.33,44.33,42.32,46.35,42.32,40.3,26.22,0.0,0.0,0.0,0.0,0.0,0.0,0.0,0.0,0.0,0.0,0.0,0.0,0.0,0.0,0.0,0.0,0.0
FR YVES - YVES ROCHER FRANCE - yves rocher - SEA 2026,Project Management - Senior Manager,0.0,0.0,0.0,0.0,0.0,0.0,0.0,0.0,0.0,0.0,0.0,166.57,305.37,291.49,305.37,319.25,291.49,305.37,305.37,291.49,319.25,291.49,277.61,180.45,0.0,0.0,0.0,0.0,0.0,0.0,0.0,0.0,0.0,0.0,0.0,0.0,0.0,0.0,0.0,0.0,0.0,0.0,0.0,0.0,0.0,0.0,0.0,0.0,0.0,0.0,0.0,0.0,1.1,2.01,1.92,2.01,2.1,1.92,2.01,2.01,1.92,2.1,1.92,1.83,1.15,0.0,0.0,0.0,0.0,0.0,0.0,0.0,0.0,0.0,0.0,0.0,0.0,0.0,0.0,0.0,0.0,0.0
GoDaddy / GoDaddy / AMERS / US / Google Funded / Meridian,Client Management - Director,0.0,0.0,0.0,0.0,0.0,0.0,0.0,0.0,1157.9,1107.56,503.44,0.0,0.0,0.0,0.0,0.0,0.0,0.0,0.0,0.0,0.0,0.0,0.0,0.0,0.0,0.0,0.0,0.0,0.0,0.0,0.0,0.0,0.0,0.0,0.0,0.0,0.0,0.0,0.0,0.0,0.0,0.0,0.0,0.0,0.0,0.0,0.0,0.0,0.0,4.18,4.0,1.82,0.0,0.0,0.0,0.0,0.0,0.0,0.0,0.0,0.0,0.0,0.0,0.0,0.0,0.0,0.0,0.0,0.0,0.0,0.0,0.0,0.0,0.0,0.0,0.0,0.0,0.0,0.0,0.0,0.0,0.0
GoDaddy / GoDaddy / AMERS / US / Google Funded / Meridian,Investment Analytics - Senior Manager,0.0,0.0,0.0,0.0,0.0,0.0,0.0,0.0,26261.53,25119.72,11418.05,0.0,0.0,0.0,0.0,0.0,0.0,0.0,0.0,0.0,0.0,0.0,0.0,0.0,0.0,0.0,0.0,0.0,0.0,0.0,0.0,0.0,0.0,0.0,0.0,0.0,0.0,0.0,0.0,0.0,0.0,0.0,0.0,0.0,0.0,0.0,0.0,0.0,0.0,112.91,108.0,49.09,0.0,0.0,0.0,0.0,0.0,0.0,0.0,0.0,0.0,0.0,0.0,0.0,0.0,0.0,0.0,0.0,0.0,0.0,0.0,0.0,0.0,0.0,0.0,0.0,0.0,0.0,0.0,0.0,0.0,0.0
GoDaddy / GoDaddy / AMERS / US / Google Funded / Meridian,Investment Analytics - VP +,0.0,0.0,0.0,0.0,0.0,0.0,0.0,0.0,3955.92,3783.92,1719.96,0.0,0.0,0.0,0.0,0.0,0.0,0.0,0.0,0.0,0.0,0.0,0.0,0.0,0.0,0.0,0.0,0.0,0.0,0.0,0.0,0.0,0.0,0.0,0.0,0.0,0.0,0.0,0.0,0.0,0.0,0.0,0.0,0.0,0.0,0.0,0.0,0.0,0.0,8.36,8.0,3.64,0.0,0.0,0.0,0.0,0.0,0.0,0.0,0.0,0.0,0.0,0.0,0.0,0.0,0.0,0.0,0.0,0.0,0.0,0.0,0.0,0.0,0.0,0.0,0.0,0.0,0.0,0.0,0.0,0.0,0.0
GoDaddy / GoDaddy / AMERS / US / Google Funded / Meridian,Project Management - Senior Director,0.0,0.0,0.0,0.0,0.0,0.0,0.0,0.0,1296.36,1240.0,563.64,0.0,0.0,0.0,0.0,0.0,0.0,0.0,0.0,0.0,0.0,0.0,0.0,0.0,0.0,0.0,0.0,0.0,0.0,0.0,0.0,0.0,0.0,0.0,0.0,0.0,0.0,0.0,0.0,0.0,0.0,0.0,0.0,0.0,0.0,0.0,0.0,0.0,0.0,4.18,4.0,1.82,0.0,0.0,0.0,0.0,0.0,0.0,0.0,0.0,0.0,0.0,0.0,0.0,0.0,0.0,0.0,0.0,0.0,0.0,0.0,0.0,0.0,0.0,0.0,0.0,0.0,0.0,0.0,0.0,0.0,0.0
IL AROS  Shoofra + Aro - Paid Media Management - Change Request,Analytics - Senior Manager,0.0,0.0,0.0,0.0,0.0,0.0,0.0,0.0,1416.64,1355.05,1231.86,1355.05,1355.05,1293.46,1355.05,1416.64,1293.46,1355.05,1355.06,0.0,0.0,0.0,0.0,0.0,0.0,0.0,0.0,0.0,0.0,0.0,0.0,0.0,0.0,0.0,0.0,0.0,0.0,0.0,0.0,0.0,0.0,0.0,0.0,0.0,0.0,0.0,0.0,0.0,0.0,9.58,9.17,8.33,9.17,9.17,8.75,9.17,9.58,8.75,9.17,9.16,0.0,0.0,0.0,0.0,0.0,0.0,0.0,0.0,0.0,0.0,0.0,0.0,0.0,0.0,0.0,0.0,0.0,0.0,0.0,0.0,0.0,0.0
IL AROS  Shoofra + Aro - Paid Media Management - Change Request,Client Management - Director,0.0,0.0,0.0,0.0,0.0,0.0,0.0,0.0,1829.59,1750.05,1590.95,1750.05,1750.05,1670.5,1750.05,1829.59,1670.5,1750.05,1750.02,0.0,0.0,0.0,0.0,0.0,0.0,0.0,0.0,0.0,0.0,0.0,0.0,0.0,0.0,0.0,0.0,0.0,0.0,0.0,0.0,0.0,0.0,0.0,0.0,0.0,0.0,0.0,0.0,0.0,0.0,9.58,9.17,8.33,9.17,9.17,8.75,9.17,9.58,8.75,9.17,9.16,0.0,0.0,0.0,0.0,0.0,0.0,0.0,0.0,0.0,0.0,0.0,0.0,0.0,0.0,0.0,0.0,0.0,0.0,0.0,0.0,0.0,0.0
IL AROS  Shoofra + Aro - Paid Media Management - Change Request,Paid Media - Director,0.0,0.0,0.0,0.0,0.0,0.0,0.0,0.0,1795.18,1717.13,1561.03,1717.13,1717.13,1639.08,1717.13,1795.18,1639.08,1717.13,1717.12,0.0,0.0,0.0,0.0,0.0,0.0,0.0,0.0,0.0,0.0,0.0,0.0,0.0,0.0,0.0,0.0,0.0,0.0,0.0,0.0,0.0,0.0,0.0,0.0,0.0,0.0,0.0,0.0,0.0,0.0,9.58,9.17,8.33,9.17,9.17,8.75,9.17,9.58,8.75,9.17,9.16,0.0,0.0,0.0,0.0,0.0,0.0,0.0,0.0,0.0,0.0,0.0,0.0,0.0,0.0,0.0,0.0,0.0,0.0,0.0,0.0,0.0,0.0
IL AROS  Shoofra + Aro - Paid Media Management - Change Request,Paid Media - Manager,0.0,0.0,0.0,0.0,0.0,0.0,0.0,0.0,2278.77,2179.69,1981.54,2179.69,2179.69,2080.61,2179.69,2278.77,2080.61,2179.69,2179.68,0.0,0.0,0.0,0.0,0.0,0.0,0.0,0.0,0.0,0.0,0.0,0.0,0.0,0.0,0.0,0.0,0.0,0.0,0.0,0.0,0.0,0.0,0.0,0.0,0.0,0.0,0.0,0.0,0.0,0.0,21.45,20.52,18.65,20.52,20.52,19.59,20.52,21.45,19.59,20.52,20.51,0.0,0.0,0.0,0.0,0.0,0.0,0.0,0.0,0.0,0.0,0.0,0.0,0.0,0.0,0.0,0.0,0.0,0.0,0.0,0.0,0.0,0.0
IL AROS  Shoofra + Aro - Paid Media Management - Change Request,Project Management - Manager,0.0,0.0,0.0,0.0,0.0,0.0,0.0,0.0,1018.03,973.77,885.25,973.77,973.77,929.51,973.77,1018.03,929.51,973.77,973.78,0.0,0.0,0.0,0.0,0.0,0.0,0.0,0.0,0.0,0.0,0.0,0.0,0.0,0.0,0.0,0.0,0.0,0.0,0.0,0.0,0.0,0.0,0.0,0.0,0.0,0.0,0.0,0.0,0.0,0.0,9.58,9.17,8.33,9.17,9.17,8.75,9.17,9.58,8.75,9.17,9.16,0.0,0.0,0.0,0.0,0.0,0.0,0.0,0.0,0.0,0.0,0.0,0.0,0.0,0.0,0.0,0.0,0.0,0.0,0.0,0.0,0.0,0.0
SA BLUP - Blue Falcon Trading 188 (Pty)Ltd - Renewal,Client Management - Manager,0.0,0.0,0.0,0.0,0.0,0.0,0.0,0.0,0.0,0.0,0.0,1572.02,1572.02,1500.5300000000002,1572.02,1643.47,1500.5300000000002,1572.02,1572.02,1500.5300000000002,1643.47,1500.5300000000002,1429.07,0.0,0.0,0.0,0.0,0.0,0.0,0.0,0.0,0.0,0.0,0.0,0.0,0.0,0.0,0.0,0.0,0.0,0.0,0.0,0.0,0.0,0.0,0.0,0.0,0.0,0.0,0.0,0.0,0.0,20.840000000000003,20.840000000000003,19.869999999999997,20.840000000000003,21.75,19.869999999999997,20.840000000000003,20.840000000000003,19.869999999999997,21.75,19.869999999999997,18.82,0.0,0.0,0.0,0.0,0.0,0.0,0.0,0.0,0.0,0.0,0.0,0.0,0.0,0.0,0.0,0.0,0.0,0.0
SA BLUP - Blue Falcon Trading 188 (Pty)Ltd - Renewal,Project Management - Senior Director,0.0,0.0,0.0,0.0,0.0,0.0,0.0,0.0,0.0,0.0,0.0,4541.24,4541.24,4334.83,4541.24,4747.66,4334.83,4541.24,4541.24,4334.83,4747.66,4334.83,4128.31,0.0,0.0,0.0,0.0,0.0,0.0,0.0,0.0,0.0,0.0,0.0,0.0,0.0,0.0,0.0,0.0,0.0,0.0,0.0,0.0,0.0,0.0,0.0,0.0,0.0,0.0,0.0,0.0,0.0,31.080000000000002,31.080000000000002,29.65,31.080000000000002,32.46,29.65,31.080000000000002,31.080000000000002,29.65,32.46,29.65,28.08,0.0,0.0,0.0,0.0,0.0,0.0,0.0,0.0,0.0,0.0,0.0,0.0,0.0,0.0,0.0,0.0,0.0,0.0
SA BLUP - Blue Falcon Trading 188 (Pty)Ltd - Renewal,SEO - Executive,0.0,0.0,0.0,0.0,0.0,0.0,0.0,0.0,0.0,0.0,0.0,4444.39,4444.39,4242.4,4444.39,4646.4400000000005,4242.4,4444.39,4444.39,4242.4,4646.4400000000005,4242.4,4040.42,0.0,0.0,0.0,0.0,0.0,0.0,0.0,0.0,0.0,0.0,0.0,0.0,0.0,0.0,0.0,0.0,0.0,0.0,0.0,0.0,0.0,0.0,0.0,0.0,0.0,0.0,0.0,0.0,0.0,98.75,98.75,94.25999999999999,98.75,103.22,94.25999999999999,98.75,98.75,94.25999999999999,103.22,94.25999999999999,89.77,0.0,0.0,0.0,0.0,0.0,0.0,0.0,0.0,0.0,0.0,0.0,0.0,0.0,0.0,0.0,0.0,0.0,0.0
SA BLUP - Blue Falcon Trading 188 (Pty)Ltd - Renewal,SEO - Manager,0.0,0.0,0.0,0.0,0.0,0.0,0.0,0.0,0.0,0.0,0.0,2978.6800000000003,2978.6800000000003,2843.31,2978.6800000000003,3114.07,2843.31,2978.6800000000003,2978.6800000000003,2843.31,3114.07,2843.31,2707.91,0.0,0.0,0.0,0.0,0.0,0.0,0.0,0.0,0.0,0.0,0.0,0.0,0.0,0.0,0.0,0.0,0.0,0.0,0.0,0.0,0.0,0.0,0.0,0.0,0.0,0.0,0.0,0.0,0.0,91.38,91.38,87.22,91.38,95.52000000000001,87.22,91.38,91.38,87.22,95.52000000000001,87.22,83.18,0.0,0.0,0.0,0.0,0.0,0.0,0.0,0.0,0.0,0.0,0.0,0.0,0.0,0.0,0.0,0.0,0.0,0.0
SA BLUP - Blue Falcon Trading 188 (Pty)Ltd - Renewal,SEO - Senior Manager,0.0,0.0,0.0,0.0,0.0,0.0,0.0,0.0,0.0,0.0,0.0,5912.59,5912.59,5643.81,5912.59,6181.33,5643.81,5912.59,5912.59,5643.81,6181.33,5643.81,5374.99,0.0,0.0,0.0,0.0,0.0,0.0,0.0,0.0,0.0,0.0,0.0,0.0,0.0,0.0,0.0,0.0,0.0,0.0,0.0,0.0,0.0,0.0,0.0,0.0,0.0,0.0,0.0,0.0,0.0,55.67,55.67,53.15,55.67,58.19,53.15,55.67,55.67,53.15,58.19,53.15,50.67,0.0,0.0,0.0,0.0,0.0,0.0,0.0,0.0,0.0,0.0,0.0,0.0,0.0,0.0,0.0,0.0,0.0,0.0
SA LISA - Lisaf Technologies Limited T/A Betzetu - Analytics Tracking,Analytics - Director,0.0,0.0,0.0,0.0,0.0,0.0,0.0,0.0,0.0,0.0,869.38,956.31,956.31,0.0,0.0,0.0,0.0,0.0,0.0,0.0,0.0,0.0,0.0,0.0,0.0,0.0,0.0,0.0,0.0,0.0,0.0,0.0,0.0,0.0,0.0,0.0,0.0,0.0,0.0,0.0,0.0,0.0,0.0,0.0,0.0,0.0,0.0,0.0,0.0,0.0,0.0,8.12,8.94,8.94,0.0,0.0,0.0,0.0,0.0,0.0,0.0,0.0,0.0,0.0,0.0,0.0,0.0,0.0,0.0,0.0,0.0,0.0,0.0,0.0,0.0,0.0,0.0,0.0,0.0,0.0,0.0,0.0
SA LISA - Lisaf Technologies Limited T/A Betzetu - Analytics Tracking,Analytics - Manager,0.0,0.0,0.0,0.0,0.0,0.0,0.0,0.0,0.0,0.0,900.0,990.0,990.0,0.0,0.0,0.0,0.0,0.0,0.0,0.0,0.0,0.0,0.0,0.0,0.0,0.0,0.0,0.0,0.0,0.0,0.0,0.0,0.0,0.0,0.0,0.0,0.0,0.0,0.0,0.0,0.0,0.0,0.0,0.0,0.0,0.0,0.0,0.0,0.0,0.0,0.0,18.75,20.62,20.63,0.0,0.0,0.0,0.0,0.0,0.0,0.0,0.0,0.0,0.0,0.0,0.0,0.0,0.0,0.0,0.0,0.0,0.0,0.0,0.0,0.0,0.0,0.0,0.0,0.0,0.0,0.0,0.0
SA LISA - Lisaf Technologies Limited T/A Betzetu - Analytics Tracking,Client Management - Senior Director,0.0,0.0,0.0,0.0,0.0,0.0,0.0,0.0,0.0,0.0,487.5,536.25,536.25,0.0,0.0,0.0,0.0,0.0,0.0,0.0,0.0,0.0,0.0,0.0,0.0,0.0,0.0,0.0,0.0,0.0,0.0,0.0,0.0,0.0,0.0,0.0,0.0,0.0,0.0,0.0,0.0,0.0,0.0,0.0,0.0,0.0,0.0,0.0,0.0,0.0,0.0,4.69,5.16,5.15,0.0,0.0,0.0,0.0,0.0,0.0,0.0,0.0,0.0,0.0,0.0,0.0,0.0,0.0,0.0,0.0,0.0,0.0,0.0,0.0,0.0,0.0,0.0,0.0,0.0,0.0,0.0,0.0
SA LISA - Lisaf Technologies Limited T/A Betzetu - Analytics Tracking,Project Management - Director,0.0,0.0,0.0,0.0,0.0,0.0,0.0,0.0,0.0,0.0,576.56,634.22,634.22,0.0,0.0,0.0,0.0,0.0,0.0,0.0,0.0,0.0,0.0,0.0,0.0,0.0,0.0,0.0,0.0,0.0,0.0,0.0,0.0,0.0,0.0,0.0,0.0,0.0,0.0,0.0,0.0,0.0,0.0,0.0,0.0,0.0,0.0,0.0,0.0,0.0,0.0,6.41,7.05,7.04,0.0,0.0,0.0,0.0,0.0,0.0,0.0,0.0,0.0,0.0,0.0,0.0,0.0,0.0,0.0,0.0,0.0,0.0,0.0,0.0,0.0,0.0,0.0,0.0,0.0,0.0,0.0,0.0
SA PEPK - Pepkor Proprietary Limited - Pepkor Analytics & Paid Media Audits,Analytics - Director,0.0,0.0,0.0,0.0,0.0,0.0,0.0,0.0,0.0,0.0,0.0,6313.47,6313.55,0.0,0.0,0.0,0.0,0.0,0.0,0.0,0.0,0.0,0.0,0.0,0.0,0.0,0.0,0.0,0.0,0.0,0.0,0.0,0.0,0.0,0.0,0.0,0.0,0.0,0.0,0.0,0.0,0.0,0.0,0.0,0.0,0.0,0.0,0.0,0.0,0.0,0.0,0.0,42.0,42.0,0.0,0.0,0.0,0.0,0.0,0.0,0.0,0.0,0.0,0.0,0.0,0.0,0.0,0.0,0.0,0.0,0.0,0.0,0.0,0.0,0.0,0.0,0.0,0.0,0.0,0.0,0.0,0.0
SA PEPK - Pepkor Proprietary Limited - Pepkor Analytics & Paid Media Audits,Analytics - Senior Manager,0.0,0.0,0.0,0.0,0.0,0.0,0.0,0.0,0.0,0.0,0.0,9863.83,9863.8,0.0,0.0,0.0,0.0,0.0,0.0,0.0,0.0,0.0,0.0,0.0,0.0,0.0,0.0,0.0,0.0,0.0,0.0,0.0,0.0,0.0,0.0,0.0,0.0,0.0,0.0,0.0,0.0,0.0,0.0,0.0,0.0,0.0,0.0,0.0,0.0,0.0,0.0,0.0,105.0,105.0,0.0,0.0,0.0,0.0,0.0,0.0,0.0,0.0,0.0,0.0,0.0,0.0,0.0,0.0,0.0,0.0,0.0,0.0,0.0,0.0,0.0,0.0,0.0,0.0,0.0,0.0,0.0,0.0
SA PEPK - Pepkor Proprietary Limited - Pepkor Analytics & Paid Media Audits,Client Management - Manager,0.0,0.0,0.0,0.0,0.0,0.0,0.0,0.0,0.0,0.0,0.0,883.03,883.02,121.99,0.0,0.0,0.0,0.0,0.0,0.0,0.0,0.0,0.0,0.0,0.0,0.0,0.0,0.0,0.0,0.0,0.0,0.0,0.0,0.0,0.0,0.0,0.0,0.0,0.0,0.0,0.0,0.0,0.0,0.0,0.0,0.0,0.0,0.0,0.0,0.0,0.0,0.0,11.69,11.69,1.62,0.0,0.0,0.0,0.0,0.0,0.0,0.0,0.0,0.0,0.0,0.0,0.0,0.0,0.0,0.0,0.0,0.0,0.0,0.0,0.0,0.0,0.0,0.0,0.0,0.0,0.0,0.0
SA PEPK - Pepkor Proprietary Limited - Pepkor Analytics & Paid Media Audits,Media Strategy - Director,0.0,0.0,0.0,0.0,0.0,0.0,0.0,0.0,0.0,0.0,0.0,1960.42,1960.42,1871.32,0.0,0.0,0.0,0.0,0.0,0.0,0.0,0.0,0.0,0.0,0.0,0.0,0.0,0.0,0.0,0.0,0.0,0.0,0.0,0.0,0.0,0.0,0.0,0.0,0.0,0.0,0.0,0.0,0.0,0.0,0.0,0.0,0.0,0.0,0.0,0.0,0.0,0.0,8.120000000000001,8.120000000000001,7.76,0.0,0.0,0.0,0.0,0.0,0.0,0.0,0.0,0.0,0.0,0.0,0.0,0.0,0.0,0.0,0.0,0.0,0.0,0.0,0.0,0.0,0.0,0.0,0.0,0.0,0.0,0.0
SA PEPK - Pepkor Proprietary Limited - Pepkor Analytics & Paid Media Audits,Paid Search - Director,0.0,0.0,0.0,0.0,0.0,0.0,0.0,0.0,0.0,0.0,0.0,970.16,970.17,0.0,0.0,0.0,0.0,0.0,0.0,0.0,0.0,0.0,0.0,0.0,0.0,0.0,0.0,0.0,0.0,0.0,0.0,0.0,0.0,0.0,0.0,0.0,0.0,0.0,0.0,0.0,0.0,0.0,0.0,0.0,0.0,0.0,0.0,0.0,0.0,0.0,0.0,0.0,9.0,9.0,0.0,0.0,0.0,0.0,0.0,0.0,0.0,0.0,0.0,0.0,0.0,0.0,0.0,0.0,0.0,0.0,0.0,0.0,0.0,0.0,0.0,0.0,0.0,0.0,0.0,0.0,0.0,0.0
SA PEPK - Pepkor Proprietary Limited - Pepkor Analytics & Paid Media Audits,Paid Social - Director,0.0,0.0,0.0,0.0,0.0,0.0,0.0,0.0,0.0,0.0,0.0,970.16,970.17,0.0,0.0,0.0,0.0,0.0,0.0,0.0,0.0,0.0,0.0,0.0,0.0,0.0,0.0,0.0,0.0,0.0,0.0,0.0,0.0,0.0,0.0,0.0,0.0,0.0,0.0,0.0,0.0,0.0,0.0,0.0,0.0,0.0,0.0,0.0,0.0,0.0,0.0,0.0,9.0,9.0,0.0,0.0,0.0,0.0,0.0,0.0,0.0,0.0,0.0,0.0,0.0,0.0,0.0,0.0,0.0,0.0,0.0,0.0,0.0,0.0,0.0,0.0,0.0,0.0,0.0,0.0,0.0,0.0
SA PEPK - Pepkor Proprietary Limited - Pepkor Analytics & Paid Media Audits,Project Management - Senior Director,0.0,0.0,0.0,0.0,0.0,0.0,0.0,0.0,0.0,0.0,0.0,1929.21,1929.21,236.23,0.0,0.0,0.0,0.0,0.0,0.0,0.0,0.0,0.0,0.0,0.0,0.0,0.0,0.0,0.0,0.0,0.0,0.0,0.0,0.0,0.0,0.0,0.0,0.0,0.0,0.0,0.0,0.0,0.0,0.0,0.0,0.0,0.0,0.0,0.0,0.0,0.0,0.0,13.19,13.19,1.62,0.0,0.0,0.0,0.0,0.0,0.0,0.0,0.0,0.0,0.0,0.0,0.0,0.0,0.0,0.0,0.0,0.0,0.0,0.0,0.0,0.0,0.0,0.0,0.0,0.0,0.0,0.0
SA VIRP - VIRGIN ACTIVE UK - SA VIRP - VIRGIN ACTIVE UK - PPC Audit,Client Management - Director,0.0,0.0,0.0,0.0,0.0,0.0,0.0,0.0,0.0,0.0,618.75,680.62,680.63,0.0,0.0,0.0,0.0,0.0,0.0,0.0,0.0,0.0,0.0,0.0,0.0,0.0,0.0,0.0,0.0,0.0,0.0,0.0,0.0,0.0,0.0,0.0,0.0,0.0,0.0,0.0,0.0,0.0,0.0,0.0,0.0,0.0,0.0,0.0,0.0,0.0,0.0,3.12,3.44,3.44,0.0,0.0,0.0,0.0,0.0,0.0,0.0,0.0,0.0,0.0,0.0,0.0,0.0,0.0,0.0,0.0,0.0,0.0,0.0,0.0,0.0,0.0,0.0,0.0,0.0,0.0,0.0,0.0
SA VIRP - VIRGIN ACTIVE UK - SA VIRP - VIRGIN ACTIVE UK - PPC Audit,Paid Search - Director,0.0,0.0,0.0,0.0,0.0,0.0,0.0,0.0,0.0,0.0,1102.15,1212.37,1212.36,0.0,0.0,0.0,0.0,0.0,0.0,0.0,0.0,0.0,0.0,0.0,0.0,0.0,0.0,0.0,0.0,0.0,0.0,0.0,0.0,0.0,0.0,0.0,0.0,0.0,0.0,0.0,0.0,0.0,0.0,0.0,0.0,0.0,0.0,0.0,0.0,0.0,0.0,14.06,15.47,15.47,0.0,0.0,0.0,0.0,0.0,0.0,0.0,0.0,0.0,0.0,0.0,0.0,0.0,0.0,0.0,0.0,0.0,0.0,0.0,0.0,0.0,0.0,0.0,0.0,0.0,0.0,0.0,0.0
SA VIRP - VIRGIN ACTIVE UK - SA VIRP - VIRGIN ACTIVE UK - PPC Audit,Paid Search - Senior Director,0.0,0.0,0.0,0.0,0.0,0.0,0.0,0.0,0.0,0.0,992.58,1091.84,1091.83,0.0,0.0,0.0,0.0,0.0,0.0,0.0,0.0,0.0,0.0,0.0,0.0,0.0,0.0,0.0,0.0,0.0,0.0,0.0,0.0,0.0,0.0,0.0,0.0,0.0,0.0,0.0,0.0,0.0,0.0,0.0,0.0,0.0,0.0,0.0,0.0,0.0,0.0,9.38,10.31,10.31,0.0,0.0,0.0,0.0,0.0,0.0,0.0,0.0,0.0,0.0,0.0,0.0,0.0,0.0,0.0,0.0,0.0,0.0,0.0,0.0,0.0,0.0,0.0,0.0,0.0,0.0,0.0,0.0
SA VIRP - VIRGIN ACTIVE UK - SA VIRP - VIRGIN ACTIVE UK - PPC Audit,Project Management - Director,0.0,0.0,0.0,0.0,0.0,0.0,0.0,0.0,0.0,0.0,283.59,311.95,311.96,0.0,0.0,0.0,0.0,0.0,0.0,0.0,0.0,0.0,0.0,0.0,0.0,0.0,0.0,0.0,0.0,0.0,0.0,0.0,0.0,0.0,0.0,0.0,0.0,0.0,0.0,0.0,0.0,0.0,0.0,0.0,0.0,0.0,0.0,0.0,0.0,0.0,0.0,3.12,3.44,3.44,0.0,0.0,0.0,0.0,0.0,0.0,0.0,0.0,0.0,0.0,0.0,0.0,0.0,0.0,0.0,0.0,0.0,0.0,0.0,0.0,0.0,0.0,0.0,0.0,0.0,0.0,0.0,0.0
SA VIRP - VIRGIN ACTIVE UK - SEO Audit,Client Management - Director,0.0,0.0,0.0,0.0,0.0,0.0,0.0,0.0,0.0,0.0,618.75,680.62,680.63,0.0,0.0,0.0,0.0,0.0,0.0,0.0,0.0,0.0,0.0,0.0,0.0,0.0,0.0,0.0,0.0,0.0,0.0,0.0,0.0,0.0,0.0,0.0,0.0,0.0,0.0,0.0,0.0,0.0,0.0,0.0,0.0,0.0,0.0,0.0,0.0,0.0,0.0,3.12,3.44,3.44,0.0,0.0,0.0,0.0,0.0,0.0,0.0,0.0,0.0,0.0,0.0,0.0,0.0,0.0,0.0,0.0,0.0,0.0,0.0,0.0,0.0,0.0,0.0,0.0,0.0,0.0,0.0,0.0
SA VIRP - VIRGIN ACTIVE UK - SEO Audit,Project Management - Director,0.0,0.0,0.0,0.0,0.0,0.0,0.0,0.0,0.0,0.0,283.59,311.95,311.96,0.0,0.0,0.0,0.0,0.0,0.0,0.0,0.0,0.0,0.0,0.0,0.0,0.0,0.0,0.0,0.0,0.0,0.0,0.0,0.0,0.0,0.0,0.0,0.0,0.0,0.0,0.0,0.0,0.0,0.0,0.0,0.0,0.0,0.0,0.0,0.0,0.0,0.0,3.12,3.44,3.44,0.0,0.0,0.0,0.0,0.0,0.0,0.0,0.0,0.0,0.0,0.0,0.0,0.0,0.0,0.0,0.0,0.0,0.0,0.0,0.0,0.0,0.0,0.0,0.0,0.0,0.0,0.0,0.0
SA VIRP - VIRGIN ACTIVE UK - SEO Audit,SEO - Director,0.0,0.0,0.0,0.0,0.0,0.0,0.0,0.0,0.0,0.0,2536.88,2790.56,2790.56,0.0,0.0,0.0,0.0,0.0,0.0,0.0,0.0,0.0,0.0,0.0,0.0,0.0,0.0,0.0,0.0,0.0,0.0,0.0,0.0,0.0,0.0,0.0,0.0,0.0,0.0,0.0,0.0,0.0,0.0,0.0,0.0,0.0,0.0,0.0,0.0,0.0,0.0,25.62,28.19,28.19,0.0,0.0,0.0,0.0,0.0,0.0,0.0,0.0,0.0,0.0,0.0,0.0,0.0,0.0,0.0,0.0,0.0,0.0,0.0,0.0,0.0,0.0,0.0,0.0,0.0,0.0,0.0,0.0
SA VIRP - VIRGIN ACTIVE UK - SEO Audit,SEO - Manager,0.0,0.0,0.0,0.0,0.0,0.0,0.0,0.0,0.0,0.0,1533.98,1687.38,1687.3899999999999,0.0,0.0,0.0,0.0,0.0,0.0,0.0,0.0,0.0,0.0,0.0,0.0,0.0,0.0,0.0,0.0,0.0,0.0,0.0,0.0,0.0,0.0,0.0,0.0,0.0,0.0,0.0,0.0,0.0,0.0,0.0,0.0,0.0,0.0,0.0,0.0,0.0,0.0,31.869999999999997,35.06,35.07,0.0,0.0,0.0,0.0,0.0,0.0,0.0,0.0,0.0,0.0,0.0,0.0,0.0,0.0,0.0,0.0,0.0,0.0,0.0,0.0,0.0,0.0,0.0,0.0,0.0,0.0,0.0,0.0
Toyota Aftersales - CRMA000 - Toyota CRM Retainer Apr 2025 - Mar 2026 - Change Request,CX - CRM - Director,0.0,0.0,0.0,0.0,0.0,0.0,0.0,0.0,0.0,0.0,937.04,4122.96,0.0,0.0,0.0,0.0,0.0,0.0,0.0,0.0,0.0,0.0,0.0,0.0,0.0,0.0,0.0,0.0,0.0,0.0,0.0,0.0,0.0,0.0,0.0,0.0,0.0,0.0,0.0,0.0,0.0,0.0,0.0,0.0,0.0,0.0,0.0,0.0,0.0,0.0,0.0,3.7,16.3,0.0,0.0,0.0,0.0,0.0,0.0,0.0,0.0,0.0,0.0,0.0,0.0,0.0,0.0,0.0,0.0,0.0,0.0,0.0,0.0,0.0,0.0,0.0,0.0,0.0,0.0,0.0,0.0,0.0
Toyota Aftersales - CRMA000 - Toyota CRM Retainer Apr 2025 - Mar 2026 - Change Request,CX - CRM - Senior Manager,0.0,0.0,0.0,0.0,0.0,0.0,0.0,0.0,0.0,0.0,1974.65,8688.48,0.0,0.0,0.0,0.0,0.0,0.0,0.0,0.0,0.0,0.0,0.0,0.0,0.0,0.0,0.0,0.0,0.0,0.0,0.0,0.0,0.0,0.0,0.0,0.0,0.0,0.0,0.0,0.0,0.0,0.0,0.0,0.0,0.0,0.0,0.0,0.0,0.0,0.0,0.0,10.19,44.81,0.0,0.0,0.0,0.0,0.0,0.0,0.0,0.0,0.0,0.0,0.0,0.0,0.0,0.0,0.0,0.0,0.0,0.0,0.0,0.0,0.0,0.0,0.0,0.0,0.0,0.0,0.0,0.0,0.0
Toyota Aftersales - CRMA000 - Toyota CRM Retainer Apr 2025 - Mar 2026 - Change Request,Client Management - Senior Director,0.0,0.0,0.0,0.0,0.0,0.0,0.0,0.0,0.0,0.0,679.86,2991.39,0.0,0.0,0.0,0.0,0.0,0.0,0.0,0.0,0.0,0.0,0.0,0.0,0.0,0.0,0.0,0.0,0.0,0.0,0.0,0.0,0.0,0.0,0.0,0.0,0.0,0.0,0.0,0.0,0.0,0.0,0.0,0.0,0.0,0.0,0.0,0.0,0.0,0.0,0.0,2.78,12.22,0.0,0.0,0.0,0.0,0.0,0.0,0.0,0.0,0.0,0.0,0.0,0.0,0.0,0.0,0.0,0.0,0.0,0.0,0.0,0.0,0.0,0.0,0.0,0.0,0.0,0.0,0.0,0.0,0.0
Toyota Aftersales - CRMA000 - Toyota CRM Retainer Apr 2025 - Mar 2026 - Change Request,Language Services - Manager,0.0,0.0,0.0,0.0,0.0,0.0,0.0,0.0,0.0,0.0,190.46,838.04,0.0,0.0,0.0,0.0,0.0,0.0,0.0,0.0,0.0,0.0,0.0,0.0,0.0,0.0,0.0,0.0,0.0,0.0,0.0,0.0,0.0,0.0,0.0,0.0,0.0,0.0,0.0,0.0,0.0,0.0,0.0,0.0,0.0,0.0,0.0,0.0,0.0,0.0,0.0,2.04,8.96,0.0,0.0,0.0,0.0,0.0,0.0,0.0,0.0,0.0,0.0,0.0,0.0,0.0,0.0,0.0,0.0,0.0,0.0,0.0,0.0,0.0,0.0,0.0,0.0,0.0,0.0,0.0,0.0,0.0
Toyota Aftersales - CRMA000 - Toyota CRM Retainer Apr 2025 - Mar 2026 - Change Request,Project Management - VP +,0.0,0.0,0.0,0.0,0.0,0.0,0.0,0.0,0.0,0.0,1313.89,5781.11,0.0,0.0,0.0,0.0,0.0,0.0,0.0,0.0,0.0,0.0,0.0,0.0,0.0,0.0,0.0,0.0,0.0,0.0,0.0,0.0,0.0,0.0,0.0,0.0,0.0,0.0,0.0,0.0,0.0,0.0,0.0,0.0,0.0,0.0,0.0,0.0,0.0,0.0,0.0,3.7,16.3,0.0,0.0,0.0,0.0,0.0,0.0,0.0,0.0,0.0,0.0,0.0,0.0,0.0,0.0,0.0,0.0,0.0,0.0,0.0,0.0,0.0,0.0,0.0,0.0,0.0,0.0,0.0,0.0,0.0
Toyota Aftersales - MART017 - Fleet - Support Budget Q4 2025 - Change Request,CX - CRM - Director,0.0,0.0,0.0,0.0,0.0,0.0,0.0,0.0,0.0,0.0,0.0,3225.75,0.0,0.0,0.0,0.0,0.0,0.0,0.0,0.0,0.0,0.0,0.0,0.0,0.0,0.0,0.0,0.0,0.0,0.0,0.0,0.0,0.0,0.0,0.0,0.0,0.0,0.0,0.0,0.0,0.0,0.0,0.0,0.0,0.0,0.0,0.0,0.0,0.0,0.0,0.0,0.0,12.75,0.0,0.0,0.0,0.0,0.0,0.0,0.0,0.0,0.0,0.0,0.0,0.0,0.0,0.0,0.0,0.0,0.0,0.0,0.0,0.0,0.0,0.0,0.0,0.0,0.0,0.0,0.0,0.0,0.0
Toyota Aftersales - MART017 - Fleet - Support Budget Q4 2025 - Change Request,CX - CRM - Manager,0.0,0.0,0.0,0.0,0.0,0.0,0.0,0.0,0.0,0.0,0.0,1753.13,0.0,0.0,0.0,0.0,0.0,0.0,0.0,0.0,0.0,0.0,0.0,0.0,0.0,0.0,0.0,0.0,0.0,0.0,0.0,0.0,0.0,0.0,0.0,0.0,0.0,0.0,0.0,0.0,0.0,0.0,0.0,0.0,0.0,0.0,0.0,0.0,0.0,0.0,0.0,0.0,15.0,0.0,0.0,0.0,0.0,0.0,0.0,0.0,0.0,0.0,0.0,0.0,0.0,0.0,0.0,0.0,0.0,0.0,0.0,0.0,0.0,0.0,0.0,0.0,0.0,0.0,0.0,0.0,0.0,0.0
Toyota Aftersales - MART017 - Fleet - Support Budget Q4 2025 - Change Request,CX - CRM - Senior Manager,0.0,0.0,0.0,0.0,0.0,0.0,0.0,0.0,0.0,0.0,0.0,2908.13,0.0,0.0,0.0,0.0,0.0,0.0,0.0,0.0,0.0,0.0,0.0,0.0,0.0,0.0,0.0,0.0,0.0,0.0,0.0,0.0,0.0,0.0,0.0,0.0,0.0,0.0,0.0,0.0,0.0,0.0,0.0,0.0,0.0,0.0,0.0,0.0,0.0,0.0,0.0,0.0,15.0,0.0,0.0,0.0,0.0,0.0,0.0,0.0,0.0,0.0,0.0,0.0,0.0,0.0,0.0,0.0,0.0,0.0,0.0,0.0,0.0,0.0,0.0,0.0,0.0,0.0,0.0,0.0,0.0,0.0
Toyota Aftersales - MART017 - Fleet - Support Budget Q4 2025 - Change Request,Client Management - Senior Director,0.0,0.0,0.0,0.0,0.0,0.0,0.0,0.0,0.0,0.0,0.0,1835.63,0.0,0.0,0.0,0.0,0.0,0.0,0.0,0.0,0.0,0.0,0.0,0.0,0.0,0.0,0.0,0.0,0.0,0.0,0.0,0.0,0.0,0.0,0.0,0.0,0.0,0.0,0.0,0.0,0.0,0.0,0.0,0.0,0.0,0.0,0.0,0.0,0.0,0.0,0.0,0.0,7.5,0.0,0.0,0.0,0.0,0.0,0.0,0.0,0.0,0.0,0.0,0.0,0.0,0.0,0.0,0.0,0.0,0.0,0.0,0.0,0.0,0.0,0.0,0.0,0.0,0.0,0.0,0.0,0.0,0.0
Toyota Aftersales - MART017 - Fleet - Support Budget Q4 2025 - Change Request,Language Services - Manager,0.0,0.0,0.0,0.0,0.0,0.0,0.0,0.0,0.0,0.0,0.0,1402.5,0.0,0.0,0.0,0.0,0.0,0.0,0.0,0.0,0.0,0.0,0.0,0.0,0.0,0.0,0.0,0.0,0.0,0.0,0.0,0.0,0.0,0.0,0.0,0.0,0.0,0.0,0.0,0.0,0.0,0.0,0.0,0.0,0.0,0.0,0.0,0.0,0.0,0.0,0.0,0.0,15.0,0.0,0.0,0.0,0.0,0.0,0.0,0.0,0.0,0.0,0.0,0.0,0.0,0.0,0.0,0.0,0.0,0.0,0.0,0.0,0.0,0.0,0.0,0.0,0.0,0.0,0.0,0.0,0.0,0.0
Toyota Aftersales - MART017 - Fleet - Support Budget Q4 2025 - Change Request,Project Management - VP +,0.0,0.0,0.0,0.0,0.0,0.0,0.0,0.0,0.0,0.0,0.0,2660.63,0.0,0.0,0.0,0.0,0.0,0.0,0.0,0.0,0.0,0.0,0.0,0.0,0.0,0.0,0.0,0.0,0.0,0.0,0.0,0.0,0.0,0.0,0.0,0.0,0.0,0.0,0.0,0.0,0.0,0.0,0.0,0.0,0.0,0.0,0.0,0.0,0.0,0.0,0.0,0.0,7.5,0.0,0.0,0.0,0.0,0.0,0.0,0.0,0.0,0.0,0.0,0.0,0.0,0.0,0.0,0.0,0.0,0.0,0.0,0.0,0.0,0.0,0.0,0.0,0.0,0.0,0.0,0.0,0.0,0.0
UK DECM - Deckers Europe Regional Office - TEVA Switchboard Build,Analytics - Executive,0.0,0.0,0.0,0.0,0.0,0.0,0.0,0.0,0.0,0.0,0.0,0.0,83.45,79.65,83.45,87.24000000000001,79.65,83.45,83.45,79.65,87.24000000000001,79.65,75.87,87.25,0.0,0.0,0.0,0.0,0.0,0.0,0.0,0.0,0.0,0.0,0.0,0.0,0.0,0.0,0.0,0.0,0.0,0.0,0.0,0.0,0.0,0.0,0.0,0.0,0.0,0.0,0.0,0.0,0.0,3.3699999999999997,3.21,3.3699999999999997,3.52,3.21,3.3699999999999997,3.3699999999999997,3.21,3.52,3.21,3.07,3.5700000000000003,0.0,0.0,0.0,0.0,0.0,0.0,0.0,0.0,0.0,0.0,0.0,0.0,0.0,0.0,0.0,0.0,0.0
UK DECM - Deckers Europe Regional Office - TEVA Switchboard Build,Analytics - Senior Manager,0.0,0.0,0.0,0.0,0.0,0.0,0.0,0.0,0.0,0.0,0.0,0.0,376.68,359.55,376.68,393.8,359.55,376.68,376.68,359.55,393.8,359.55,342.43,393.8,0.0,0.0,0.0,0.0,0.0,0.0,0.0,0.0,0.0,0.0,0.0,0.0,0.0,0.0,0.0,0.0,0.0,0.0,0.0,0.0,0.0,0.0,0.0,0.0,0.0,0.0,0.0,0.0,0.0,2.11,2.01,2.11,2.2,2.01,2.11,2.11,2.01,2.2,2.01,1.92,2.2,0.0,0.0,0.0,0.0,0.0,0.0,0.0,0.0,0.0,0.0,0.0,0.0,0.0,0.0,0.0,0.0,0.0
UK DECM - Deckers Europe Regional Office - TEVA Switchboard Build,Flex Pool,0.0,0.0,0.0,0.0,0.0,0.0,0.0,0.0,0.0,0.0,0.0,0.0,115.9,110.63,115.9,121.17,110.63,115.9,115.9,110.63,121.17,110.63,105.36,121.18,0.0,0.0,0.0,0.0,0.0,0.0,0.0,0.0,0.0,0.0,0.0,0.0,0.0,0.0,0.0,0.0,0.0,0.0,0.0,0.0,0.0,0.0,0.0,0.0,0.0,0.0,0.0,0.0,0.0,0.84,0.8,0.84,0.88,0.8,0.84,0.84,0.8,0.88,0.8,0.77,0.91,0.0,0.0,0.0,0.0,0.0,0.0,0.0,0.0,0.0,0.0,0.0,0.0,0.0,0.0,0.0,0.0,0.0
UK DECM - Deckers Europe Regional Office - TEVA Switchboard Build,Paid Search - Senior Manager,0.0,0.0,0.0,0.0,0.0,0.0,0.0,0.0,0.0,0.0,0.0,0.0,154.73,147.69,154.73,161.76,147.69,154.73,154.73,147.69,161.76,147.69,140.66,161.77,0.0,0.0,0.0,0.0,0.0,0.0,0.0,0.0,0.0,0.0,0.0,0.0,0.0,0.0,0.0,0.0,0.0,0.0,0.0,0.0,0.0,0.0,0.0,0.0,0.0,0.0,0.0,0.0,0.0,1.26,1.21,1.26,1.32,1.21,1.26,1.26,1.21,1.32,1.21,1.15,1.33,0.0,0.0,0.0,0.0,0.0,0.0,0.0,0.0,0.0,0.0,0.0,0.0,0.0,0.0,0.0,0.0,0.0
UK MULC - Mulberry Group PLC - GA Audit,Analytics - Director,0.0,0.0,0.0,0.0,0.0,0.0,0.0,0.0,0.0,0.0,0.0,3056.73,3955.77,0.0,0.0,0.0,0.0,0.0,0.0,0.0,0.0,0.0,0.0,0.0,0.0,0.0,0.0,0.0,0.0,0.0,0.0,0.0,0.0,0.0,0.0,0.0,0.0,0.0,0.0,0.0,0.0,0.0,0.0,0.0,0.0,0.0,0.0,0.0,0.0,0.0,0.0,0.0,13.08,16.92,0.0,0.0,0.0,0.0,0.0,0.0,0.0,0.0,0.0,0.0,0.0,0.0,0.0,0.0,0.0,0.0,0.0,0.0,0.0,0.0,0.0,0.0,0.0,0.0,0.0,0.0,0.0,0.0
UK MULC - Mulberry Group PLC - GA Audit,Analytics - Senior Director,0.0,0.0,0.0,0.0,0.0,0.0,0.0,0.0,0.0,0.0,0.0,1216.7,1574.55,0.0,0.0,0.0,0.0,0.0,0.0,0.0,0.0,0.0,0.0,0.0,0.0,0.0,0.0,0.0,0.0,0.0,0.0,0.0,0.0,0.0,0.0,0.0,0.0,0.0,0.0,0.0,0.0,0.0,0.0,0.0,0.0,0.0,0.0,0.0,0.0,0.0,0.0,0.0,4.36,5.64,0.0,0.0,0.0,0.0,0.0,0.0,0.0,0.0,0.0,0.0,0.0,0.0,0.0,0.0,0.0,0.0,0.0,0.0,0.0,0.0,0.0,0.0,0.0,0.0,0.0,0.0,0.0,0.0
UK MULC - Mulberry Group PLC - GA Audit,Analytics - Senior Manager,0.0,0.0,0.0,0.0,0.0,0.0,0.0,0.0,0.0,0.0,0.0,3272.5,4235.0,0.0,0.0,0.0,0.0,0.0,0.0,0.0,0.0,0.0,0.0,0.0,0.0,0.0,0.0,0.0,0.0,0.0,0.0,0.0,0.0,0.0,0.0,0.0,0.0,0.0,0.0,0.0,0.0,0.0,0.0,0.0,0.0,0.0,0.0,0.0,0.0,0.0,0.0,0.0,18.31,23.69,0.0,0.0,0.0,0.0,0.0,0.0,0.0,0.0,0.0,0.0,0.0,0.0,0.0,0.0,0.0,0.0,0.0,0.0,0.0,0.0,0.0,0.0,0.0,0.0,0.0,0.0,0.0,0.0
UK MULC - Mulberry Group PLC - GA Audit,Client Management - Director,0.0,0.0,0.0,0.0,0.0,0.0,0.0,0.0,0.0,0.0,0.0,863.08,1116.92,0.0,0.0,0.0,0.0,0.0,0.0,0.0,0.0,0.0,0.0,0.0,0.0,0.0,0.0,0.0,0.0,0.0,0.0,0.0,0.0,0.0,0.0,0.0,0.0,0.0,0.0,0.0,0.0,0.0,0.0,0.0,0.0,0.0,0.0,0.0,0.0,0.0,0.0,0.0,4.36,5.64,0.0,0.0,0.0,0.0,0.0,0.0,0.0,0.0,0.0,0.0,0.0,0.0,0.0,0.0,0.0,0.0,0.0,0.0,0.0,0.0,0.0,0.0,0.0,0.0,0.0,0.0,0.0,0.0
UK MULC - Mulberry Group PLC - GA Audit,Project Management - Senior Manager,0.0,0.0,0.0,0.0,0.0,0.0,0.0,0.0,0.0,0.0,0.0,617.34,798.91,0.0,0.0,0.0,0.0,0.0,0.0,0.0,0.0,0.0,0.0,0.0,0.0,0.0,0.0,0.0,0.0,0.0,0.0,0.0,0.0,0.0,0.0,0.0,0.0,0.0,0.0,0.0,0.0,0.0,0.0,0.0,0.0,0.0,0.0,0.0,0.0,0.0,0.0,0.0,4.36,5.64,0.0,0.0,0.0,0.0,0.0,0.0,0.0,0.0,0.0,0.0,0.0,0.0,0.0,0.0,0.0,0.0,0.0,0.0,0.0,0.0,0.0,0.0,0.0,0.0,0.0,0.0,0.0,0.0
UK MULC - Mulberry Group PLC - Site Migration,Analytics - Director,0.0,0.0,0.0,0.0,0.0,0.0,0.0,0.0,0.0,0.0,0.0,0.0,0.0,1487.5,1558.33,1629.17,0.0,0.0,0.0,0.0,0.0,0.0,0.0,0.0,0.0,0.0,0.0,0.0,0.0,0.0,0.0,0.0,0.0,0.0,0.0,0.0,0.0,0.0,0.0,0.0,0.0,0.0,0.0,0.0,0.0,0.0,0.0,0.0,0.0,0.0,0.0,0.0,0.0,0.0,6.36,6.67,6.97,0.0,0.0,0.0,0.0,0.0,0.0,0.0,0.0,0.0,0.0,0.0,0.0,0.0,0.0,0.0,0.0,0.0,0.0,0.0,0.0,0.0,0.0,0.0,0.0,0.0
UK MULC - Mulberry Group PLC - Site Migration,Analytics - Manager,0.0,0.0,0.0,0.0,0.0,0.0,0.0,0.0,0.0,0.0,0.0,0.0,0.0,1929.38,2021.25,2113.12,0.0,0.0,0.0,0.0,0.0,0.0,0.0,0.0,0.0,0.0,0.0,0.0,0.0,0.0,0.0,0.0,0.0,0.0,0.0,0.0,0.0,0.0,0.0,0.0,0.0,0.0,0.0,0.0,0.0,0.0,0.0,0.0,0.0,0.0,0.0,0.0,0.0,0.0,14.32,15.0,15.68,0.0,0.0,0.0,0.0,0.0,0.0,0.0,0.0,0.0,0.0,0.0,0.0,0.0,0.0,0.0,0.0,0.0,0.0,0.0,0.0,0.0,0.0,0.0,0.0,0.0
UK MULC - Mulberry Group PLC - Site Migration,Analytics - Senior Manager,0.0,0.0,0.0,0.0,0.0,0.0,0.0,0.0,0.0,0.0,0.0,0.0,0.0,1706.25,1787.5,1868.75,0.0,0.0,0.0,0.0,0.0,0.0,0.0,0.0,0.0,0.0,0.0,0.0,0.0,0.0,0.0,0.0,0.0,0.0,0.0,0.0,0.0,0.0,0.0,0.0,0.0,0.0,0.0,0.0,0.0,0.0,0.0,0.0,0.0,0.0,0.0,0.0,0.0,0.0,9.55,10.0,10.45,0.0,0.0,0.0,0.0,0.0,0.0,0.0,0.0,0.0,0.0,0.0,0.0,0.0,0.0,0.0,0.0,0.0,0.0,0.0,0.0,0.0,0.0,0.0,0.0,0.0
UK MULC - Mulberry Group PLC - Site Migration,Client Management - Senior Director,0.0,0.0,0.0,0.0,0.0,0.0,0.0,0.0,0.0,0.0,0.0,0.0,0.0,778.75,815.83,852.92,0.0,0.0,0.0,0.0,0.0,0.0,0.0,0.0,0.0,0.0,0.0,0.0,0.0,0.0,0.0,0.0,0.0,0.0,0.0,0.0,0.0,0.0,0.0,0.0,0.0,0.0,0.0,0.0,0.0,0.0,0.0,0.0,0.0,0.0,0.0,0.0,0.0,0.0,3.18,3.33,3.49,0.0,0.0,0.0,0.0,0.0,0.0,0.0,0.0,0.0,0.0,0.0,0.0,0.0,0.0,0.0,0.0,0.0,0.0,0.0,0.0,0.0,0.0,0.0,0.0,0.0
UK MULC - Mulberry Group PLC - Site Migration,Project Management - Senior Manager,0.0,0.0,0.0,0.0,0.0,0.0,0.0,0.0,0.0,0.0,0.0,0.0,0.0,450.62,472.08,493.55,0.0,0.0,0.0,0.0,0.0,0.0,0.0,0.0,0.0,0.0,0.0,0.0,0.0,0.0,0.0,0.0,0.0,0.0,0.0,0.0,0.0,0.0,0.0,0.0,0.0,0.0,0.0,0.0,0.0,0.0,0.0,0.0,0.0,0.0,0.0,0.0,0.0,0.0,3.18,3.33,3.49,0.0,0.0,0.0,0.0,0.0,0.0,0.0,0.0,0.0,0.0,0.0,0.0,0.0,0.0,0.0,0.0,0.0,0.0,0.0,0.0,0.0,0.0,0.0,0.0,0.0
UK NATW - NatWest Group - QC Agents,Client Management - Senior Manager,0.0,0.0,0.0,0.0,0.0,0.0,0.0,0.0,0.0,880.67,1174.23,1291.66,1291.66,1232.94,1291.66,1350.37,1232.94,1291.66,1291.66,1232.94,1350.37,645.83,0.0,0.0,0.0,0.0,0.0,0.0,0.0,0.0,0.0,0.0,0.0,0.0,0.0,0.0,0.0,0.0,0.0,0.0,0.0,0.0,0.0,0.0,0.0,0.0,0.0,0.0,0.0,0.0,6.79,9.06,9.96,9.96,9.51,9.96,10.42,9.51,9.96,9.96,9.51,10.42,4.98,0.0,0.0,0.0,0.0,0.0,0.0,0.0,0.0,0.0,0.0,0.0,0.0,0.0,0.0,0.0,0.0,0.0,0.0,0.0
UK NATW - NatWest Group - QC Agents,Client Management - VP +,0.0,0.0,0.0,0.0,0.0,0.0,0.0,0.0,0.0,2697.56,3596.75,3956.43,3956.43,3776.59,3956.43,4136.26,3776.59,3956.43,3956.43,3776.59,4136.26,1978.2,0.0,0.0,0.0,0.0,0.0,0.0,0.0,0.0,0.0,0.0,0.0,0.0,0.0,0.0,0.0,0.0,0.0,0.0,0.0,0.0,0.0,0.0,0.0,0.0,0.0,0.0,0.0,0.0,6.79,9.06,9.96,9.96,9.51,9.96,10.42,9.51,9.96,9.96,9.51,10.42,4.98,0.0,0.0,0.0,0.0,0.0,0.0,0.0,0.0,0.0,0.0,0.0,0.0,0.0,0.0,0.0,0.0,0.0,0.0,0.0
UK NATW - NatWest Group - QC Agents,Flex Pool,0.0,0.0,0.0,0.0,0.0,0.0,0.0,0.0,0.0,3807.69,5076.92,5584.62,5584.62,5330.77,5584.62,5838.46,5330.77,5584.62,5584.62,5330.77,5838.46,5330.77,5076.92,5838.46,1776.91,0.0,0.0,0.0,0.0,0.0,0.0,0.0,0.0,0.0,0.0,0.0,0.0,0.0,0.0,0.0,0.0,0.0,0.0,0.0,0.0,0.0,0.0,0.0,0.0,0.0,0.05,0.06,0.07,0.07,0.06,0.07,0.07,0.06,0.07,0.07,0.06,0.07,0.06,0.06,0.07,0.03,0.0,0.0,0.0,0.0,0.0,0.0,0.0,0.0,0.0,0.0,0.0,0.0,0.0,0.0,0.0,0.0
UK NATW - NatWest Group - QC Agents,GenAI Transformation - VP +,0.0,0.0,0.0,0.0,0.0,0.0,0.0,0.0,0.0,174.62,698.46,768.31,768.31,733.39,768.31,803.23,733.39,768.31,768.31,733.39,803.23,733.39,698.46,803.23,244.47,0.0,0.0,0.0,0.0,0.0,0.0,0.0,0.0,0.0,0.0,0.0,0.0,0.0,0.0,0.0,0.0,0.0,0.0,0.0,0.0,0.0,0.0,0.0,0.0,0.0,0.54,2.16,2.37,2.37,2.27,2.37,2.48,2.27,2.37,2.37,2.27,2.48,2.27,2.16,2.48,0.77,0.0,0.0,0.0,0.0,0.0,0.0,0.0,0.0,0.0,0.0,0.0,0.0,0.0,0.0,0.0,0.0
UK NATW - NatWest Group - QC Agents,Integrated Production - Director,0.0,0.0,0.0,0.0,0.0,0.0,0.0,0.0,0.0,1047.29,1396.39,1536.02,1536.02,1466.2,1536.02,1605.84,1466.2,1536.02,1536.02,1466.2,1605.84,768.05,0.0,0.0,0.0,0.0,0.0,0.0,0.0,0.0,0.0,0.0,0.0,0.0,0.0,0.0,0.0,0.0,0.0,0.0,0.0,0.0,0.0,0.0,0.0,0.0,0.0,0.0,0.0,0.0,6.79,9.06,9.96,9.96,9.51,9.96,10.42,9.51,9.96,9.96,9.51,10.42,4.98,0.0,0.0,0.0,0.0,0.0,0.0,0.0,0.0,0.0,0.0,0.0,0.0,0.0,0.0,0.0,0.0,0.0,0.0,0.0
UK NATW - NatWest Group - QC Agents,JTS - Customer Success Management - Senior Manager,0.0,0.0,0.0,0.0,0.0,0.0,0.0,0.0,0.0,1354.8,1847.55,2032.3000000000002,2032.3000000000002,1939.9299999999998,2032.3000000000002,2124.69,1939.9299999999998,2032.3000000000002,2032.3000000000002,1939.9299999999998,2124.69,1047.06,61.74,71.0,21.62,0.0,0.0,0.0,0.0,0.0,0.0,0.0,0.0,0.0,0.0,0.0,0.0,0.0,0.0,0.0,0.0,0.0,0.0,0.0,0.0,0.0,0.0,0.0,0.0,0.0,10.45,14.25,15.67,15.67,14.96,15.67,16.39,14.96,15.67,15.67,14.96,16.39,8.09,0.48,0.55,0.17,0.0,0.0,0.0,0.0,0.0,0.0,0.0,0.0,0.0,0.0,0.0,0.0,0.0,0.0,0.0,0.0
UK NATW - NatWest Group - QC Agents,JTS - Data Science - Senior Manager,0.0,0.0,0.0,0.0,0.0,0.0,0.0,0.0,0.0,1032.3,2933.83,3227.2,3227.2,3080.5099999999998,3227.2,3373.89,3080.5099999999998,3227.2,3227.2,3080.5099999999998,3373.89,2781.68,2336.13,2686.54,817.64,0.0,0.0,0.0,0.0,0.0,0.0,0.0,0.0,0.0,0.0,0.0,0.0,0.0,0.0,0.0,0.0,0.0,0.0,0.0,0.0,0.0,0.0,0.0,0.0,0.0,7.37,20.93,23.02,23.02,21.98,23.02,24.07,21.98,23.02,23.02,21.98,24.07,19.85,16.67,19.17,5.83,0.0,0.0,0.0,0.0,0.0,0.0,0.0,0.0,0.0,0.0,0.0,0.0,0.0,0.0,0.0,0.0
UK NATW - NatWest Group - QC Agents,JTS - Engineering - Director,0.0,0.0,0.0,0.0,0.0,0.0,0.0,0.0,0.0,781.62,1665.92,1832.51,1832.51,1749.2199999999998,1832.51,1915.8000000000002,1749.2199999999998,1832.51,1832.51,1749.2199999999998,1915.8000000000002,1384.07,935.64,1075.98,327.47,0.0,0.0,0.0,0.0,0.0,0.0,0.0,0.0,0.0,0.0,0.0,0.0,0.0,0.0,0.0,0.0,0.0,0.0,0.0,0.0,0.0,0.0,0.0,0.0,0.0,4.29,8.940000000000001,9.829999999999998,9.829999999999998,9.39,9.829999999999998,10.280000000000001,9.39,9.829999999999998,9.829999999999998,9.39,10.280000000000001,7.36,4.83,5.55,1.65,0.0,0.0,0.0,0.0,0.0,0.0,0.0,0.0,0.0,0.0,0.0,0.0,0.0,0.0,0.0,0.0
UK NATW - NatWest Group - QC Agents,JTS - Engineering - Senior Manager,0.0,0.0,0.0,0.0,0.0,0.0,0.0,0.0,0.0,119.93,479.74,527.71,527.71,503.73,527.71,551.7,503.73,527.71,527.71,503.73,551.7,503.73,479.74,551.7,167.92,0.0,0.0,0.0,0.0,0.0,0.0,0.0,0.0,0.0,0.0,0.0,0.0,0.0,0.0,0.0,0.0,0.0,0.0,0.0,0.0,0.0,0.0,0.0,0.0,0.0,0.89,3.57,3.93,3.93,3.75,3.93,4.11,3.75,3.93,3.93,3.75,4.11,3.75,3.57,4.11,1.24,0.0,0.0,0.0,0.0,0.0,0.0,0.0,0.0,0.0,0.0,0.0,0.0,0.0,0.0,0.0,0.0
UK NATW - NatWest Group - QC Agents,JTS - Product - Senior Manager,0.0,0.0,0.0,0.0,0.0,0.0,0.0,0.0,0.0,672.98,2162.98,2379.2799999999997,2379.2799999999997,2271.12,2379.2799999999997,2487.4300000000003,2271.12,2379.2799999999997,2379.2799999999997,2271.12,2487.4300000000003,2138.88,1898.52,2183.3,664.47,0.0,0.0,0.0,0.0,0.0,0.0,0.0,0.0,0.0,0.0,0.0,0.0,0.0,0.0,0.0,0.0,0.0,0.0,0.0,0.0,0.0,0.0,0.0,0.0,0.0,4.32,13.889999999999999,15.280000000000001,15.280000000000001,14.58,15.280000000000001,15.969999999999999,14.58,15.280000000000001,15.280000000000001,14.58,15.969999999999999,13.74,12.19,14.02,4.26,0.0,0.0,0.0,0.0,0.0,0.0,0.0,0.0,0.0,0.0,0.0,0.0,0.0,0.0,0.0,0.0
UK NATW - NatWest Group - QC Agents,Project Management - Senior Manager,0.0,0.0,0.0,0.0,0.0,0.0,0.0,0.0,0.0,192.83,771.32,848.45,848.45,809.88,848.45,887.01,809.88,848.45,848.45,809.88,887.01,809.88,771.32,887.01,269.96,0.0,0.0,0.0,0.0,0.0,0.0,0.0,0.0,0.0,0.0,0.0,0.0,0.0,0.0,0.0,0.0,0.0,0.0,0.0,0.0,0.0,0.0,0.0,0.0,0.0,1.55,6.19,6.81,6.81,6.5,6.81,7.12,6.5,6.81,6.81,6.5,7.12,6.5,6.19,7.12,2.16,0.0,0.0,0.0,0.0,0.0,0.0,0.0,0.0,0.0,0.0,0.0,0.0,0.0,0.0,0.0,0.0
UK TOMH - Tommy Hilfiger Europe BV - Product Copy Training,Client Management - Director,0.0,0.0,0.0,0.0,0.0,0.0,0.0,0.0,0.0,1213.74,0.0,0.0,0.0,0.0,0.0,0.0,0.0,0.0,0.0,0.0,0.0,0.0,0.0,0.0,0.0,0.0,0.0,0.0,0.0,0.0,0.0,0.0,0.0,0.0,0.0,0.0,0.0,0.0,0.0,0.0,0.0,0.0,0.0,0.0,0.0,0.0,0.0,0.0,0.0,0.0,6.13,0.0,0.0,0.0,0.0,0.0,0.0,0.0,0.0,0.0,0.0,0.0,0.0,0.0,0.0,0.0,0.0,0.0,0.0,0.0,0.0,0.0,0.0,0.0,0.0,0.0,0.0,0.0,0.0,0.0,0.0,0.0
UK TOMH - Tommy Hilfiger Europe BV - Product Copy Training,Language Services - Senior Manager,0.0,0.0,0.0,0.0,0.0,0.0,0.0,0.0,0.0,9693.34,0.0,0.0,0.0,0.0,0.0,0.0,0.0,0.0,0.0,0.0,0.0,0.0,0.0,0.0,0.0,0.0,0.0,0.0,0.0,0.0,0.0,0.0,0.0,0.0,0.0,0.0,0.0,0.0,0.0,0.0,0.0,0.0,0.0,0.0,0.0,0.0,0.0,0.0,0.0,0.0,78.33,0.0,0.0,0.0,0.0,0.0,0.0,0.0,0.0,0.0,0.0,0.0,0.0,0.0,0.0,0.0,0.0,0.0,0.0,0.0,0.0,0.0,0.0,0.0,0.0,0.0,0.0,0.0,0.0,0.0,0.0,0.0
UK TOMH - Tommy Hilfiger Europe BV - Product Copy Training,Project Management - Senior Manager,0.0,0.0,0.0,0.0,0.0,0.0,0.0,0.0,0.0,849.75,0.0,0.0,0.0,0.0,0.0,0.0,0.0,0.0,0.0,0.0,0.0,0.0,0.0,0.0,0.0,0.0,0.0,0.0,0.0,0.0,0.0,0.0,0.0,0.0,0.0,0.0,0.0,0.0,0.0,0.0,0.0,0.0,0.0,0.0,0.0,0.0,0.0,0.0,0.0,0.0,6.0,0.0,0.0,0.0,0.0,0.0,0.0,0.0,0.0,0.0,0.0,0.0,0.0,0.0,0.0,0.0,0.0,0.0,0.0,0.0,0.0,0.0,0.0,0.0,0.0,0.0,0.0,0.0,0.0,0.0,0.0,0.0
UK TOMH - Tommy Hilfiger Europe BV - Wholesale 2026,Client Management - Director,0.0,0.0,0.0,0.0,0.0,0.0,0.0,0.0,0.0,0.0,20.92,46.01,134.60999999999999,128.49,134.60999999999999,165.8,151.38,158.58999999999997,158.58999999999997,151.38,165.8,151.38,144.17000000000002,146.99,112.58,71.21000000000001,23.98,23.98,23.98,23.98,22.89,23.98,25.07,22.89,22.89,25.07,21.8,25.07,23.98,22.89,1.04,0.0,0.0,0.0,0.0,0.0,0.0,0.0,0.0,0.0,0.0,0.11,0.23,0.68,0.65,0.68,0.84,0.77,0.8,0.8,0.77,0.84,0.77,0.73,0.77,0.5700000000000001,0.32999999999999996,0.12,0.12,0.12,0.12,0.12,0.12,0.13,0.12,0.12,0.13,0.11,0.13,0.12,0.12,-0.04
UK TOMH - Tommy Hilfiger Europe BV - Wholesale 2026,Language Services - Senior Manager,0.0,0.0,0.0,0.0,0.0,0.0,0.0,0.0,0.0,0.0,65.36,143.79,360.66999999999996,344.28,360.66999999999996,455.41,415.81,435.6,435.6,415.81,455.41,415.81,396.0,396.6,291.81,189.8,74.93,74.93,74.93,74.93,71.53,74.93,78.34,71.53,71.53,78.34,68.12,78.34,74.93,71.53,3.36,0.0,0.0,0.0,0.0,0.0,0.0,0.0,0.0,0.0,0.0,0.53,1.16,2.91,2.7800000000000002,2.91,3.67,3.36,3.52,3.52,3.36,3.67,3.36,3.2,3.21,2.36,1.5699999999999998,0.61,0.61,0.61,0.61,0.58,0.61,0.63,0.58,0.58,0.63,0.55,0.63,0.61,0.58,-0.01
UK TOMH - Tommy Hilfiger Europe BV - Wholesale 2026,Project Management - Senior Manager,0.0,0.0,0.0,0.0,0.0,0.0,0.0,0.0,0.0,0.0,55.94,123.07,269.26,257.02,269.26,348.55,318.24,333.39,333.39,318.24,348.55,318.24,303.08,298.2,210.32,140.99,64.13,64.13,64.13,64.13,61.22,64.13,67.05,61.22,61.22,67.05,58.3,67.05,64.13,61.22,2.85,0.0,0.0,0.0,0.0,0.0,0.0,0.0,0.0,0.0,0.0,0.77,1.69,3.6999999999999997,3.52,3.6999999999999997,4.79,4.36,4.58,4.58,4.36,4.79,4.36,4.16,4.08,2.8899999999999997,1.9300000000000002,0.88,0.88,0.88,0.88,0.84,0.88,0.92,0.84,0.84,0.92,0.8,0.92,0.88,0.84,0.04
Virgin Active South Africa (Pty) Ltd - SA360000,AdTech Solutions - Director,0.0,0.0,0.0,0.0,0.0,0.0,71.94,62.56,71.94,68.82,62.56,68.82,68.82,65.69,68.82,71.94,65.69,68.8,0.0,0.0,0.0,0.0,0.0,0.0,0.0,0.0,0.0,0.0,0.0,0.0,0.0,0.0,0.0,0.0,0.0,0.0,0.0,0.0,0.0,0.0,0.0,0.0,0.0,0.0,0.0,0.0,0.0,1.6099999999999999,1.4,1.6099999999999999,1.54,1.4,1.54,1.54,1.47,1.54,1.6099999999999999,1.47,1.58,0.0,0.0,0.0,0.0,0.0,0.0,0.0,0.0,0.0,0.0,0.0,0.0,0.0,0.0,0.0,0.0,0.0,0.0,0.0,0.0,0.0,0.0,0.0
Virgin Active South Africa (Pty) Ltd - SA360000,Project Management - Manager,0.0,0.0,0.0,0.0,0.0,0.0,0.0,0.0,0.0,0.0,0.0,0.0,0.0,0.0,0.0,0.0,0.0,0.0,0.0,0.0,0.0,0.0,0.0,0.0,0.0,0.0,0.0,0.0,0.0,0.0,0.0,0.0,0.0,0.0,0.0,0.0,0.0,0.0,0.0,0.0,0.0,0.0,0.0,0.0,0.0,0.0,0.0,0.18,0.15,0.18,0.17,0.15,0.17,0.17,0.16,0.17,0.18,0.16,0.16,0.0,0.0,0.0,0.0,0.0,0.0,0.0,0.0,0.0,0.0,0.0,0.0,0.0,0.0,0.0,0.0,0.0,0.0,0.0,0.0,0.0,0.0,0.0
YVES ROCHER FRANCE - Paid Media Q1  - measurement géolift,Client Management - Senior Director,0.0,0.0,0.0,0.0,0.0,0.0,0.0,0.0,0.0,0.0,0.0,1255.48,1255.49,0.0,0.0,0.0,0.0,0.0,0.0,0.0,0.0,0.0,0.0,0.0,0.0,0.0,0.0,0.0,0.0,0.0,0.0,0.0,0.0,0.0,0.0,0.0,0.0,0.0,0.0,0.0,0.0,0.0,0.0,0.0,0.0,0.0,0.0,0.0,0.0,0.0,0.0,0.0,5.0,5.0,0.0,0.0,0.0,0.0,0.0,0.0,0.0,0.0,0.0,0.0,0.0,0.0,0.0,0.0,0.0,0.0,0.0,0.0,0.0,0.0,0.0,0.0,0.0,0.0,0.0,0.0,0.0,0.0
YVES ROCHER FRANCE - Paid Media Q1  - measurement géolift,Investment Analytics - Manager,0.0,0.0,0.0,0.0,0.0,0.0,0.0,0.0,0.0,0.0,0.0,4174.49,4174.5,0.0,0.0,0.0,0.0,0.0,0.0,0.0,0.0,0.0,0.0,0.0,0.0,0.0,0.0,0.0,0.0,0.0,0.0,0.0,0.0,0.0,0.0,0.0,0.0,0.0,0.0,0.0,0.0,0.0,0.0,0.0,0.0,0.0,0.0,0.0,0.0,0.0,0.0,0.0,26.0,26.0,0.0,0.0,0.0,0.0,0.0,0.0,0.0,0.0,0.0,0.0,0.0,0.0,0.0,0.0,0.0,0.0,0.0,0.0,0.0,0.0,0.0,0.0,0.0,0.0,0.0,0.0,0.0,0.0
